,收盘价,最高价,最低价,开盘价,前收盘,涨跌额,涨跌幅,换手率,成交量,成交金额,总市值,流通市值
0,15.32,15.7,15.25,15.48,15.56,-0.24,-1.5424,1.9577,12451016,192964335.0,9743520000.0,9743520000.0
1,15.56,15.58,15.07,15.08,15.19,0.37,2.4358,2.0384,12963920,198813659.0,9896160000.0,9896160000.0
2,15.19,15.2,15.02,15.09,15.03,0.16,1.0645,1.464,9311340,140783672.0,9660840000.0,9660840000.0
3,15.03,15.29,14.95,15.18,15.58,-0.55,-3.5302,1.8476,11751017,177293557.0,9559080000.0,9559080000.0
4,15.58,15.68,15.3,15.41,15.54,0.04,0.2574,1.8118,11523002,178694834.0,9908880000.0,9908880000.0
5,15.54,15.81,15.43,15.81,15.47,0.07,0.4525,2.1994,13987963,218461992.0,9883440000.0,9883440000.0
6,15.47,15.68,15.33,15.52,15.71,-0.24,-1.5277,2.013,12802930,198020935.0,9838920000.0,9838920000.0
7,15.71,16.2,15.5,15.84,15.84,-0.13,-0.8207,2.7538,17514450,277535810.0,9991560000.0,9991560000.0
8,15.84,16.4,15.7,16.2,16.46,-0.62,-3.7667,3.5081,22311451,358267442.0,10074240000.0,10074240000.0
9,16.46,16.99,15.81,16.1,16.11,0.35,2.1726,5.7115,36325385,596939936.0,10468560000.0,10468560000.0
10,16.11,16.2,15.16,15.16,15.09,1.02,6.7594,4.8035,30550300,481677201.0,10245960000.0,10245960000.0
11,15.09,15.33,15.04,15.17,15.34,-0.25,-1.6297,1.4339,9119400,138444467.0,9597240000.0,9597240000.0
12,15.34,15.45,15.17,15.28,15.26,0.08,0.5242,1.5915,10122214,155234864.0,9756240000.0,9756240000.0
13,15.26,15.3,15.07,15.11,15.34,-0.08,-0.5215,1.0092,6418481,97572304.0,9705360000.0,9705360000.0
14,15.34,15.58,14.95,15.08,15.23,0.11,0.7223,1.5465,9836031,150081843.0,9756240000.0,9756240000.0
15,15.23,15.64,15.23,15.57,15.54,-0.31,-1.9949,1.3423,8537063,131423592.0,9686280000.0,9686280000.0
16,15.54,15.81,15.5,15.81,15.92,-0.38,-2.3869,1.7306,11006548,172212431.0,9883440000.0,9883440000.0
17,15.92,15.98,15.8,15.89,15.87,0.05,0.3151,1.6999,10811300,171935712.0,10125120000.0,10125120000.0
18,15.87,16.09,15.82,15.99,15.67,0.2,1.2763,2.1091,13414050,213302486.0,10093320000.0,10093320000.0
19,15.67,15.8,15.5,15.6,15.81,-0.14,-0.8855,1.6938,10772400,168343808.0,9966120000.0,9966120000.0
20,15.81,16.08,15.6,15.7,15.9,-0.09,-0.5660000000000001,2.3532,14966380,236169549.0,10055160000.0,10055160000.0
21,15.9,16.09,15.51,15.6,15.56,0.34,2.1851,2.8888,18372480,290427935.0,10112400000.0,10112400000.0
22,15.56,15.69,15.32,15.45,15.26,0.3,1.9659,1.7858,11357578,176494566.0,9896160000.0,9896160000.0
23,15.26,15.36,15.01,15.1,15.11,0.15,0.9927,1.1494,7309994,110750575.0,9705360000.0,9705360000.0
24,15.11,15.62,15.01,15.38,15.54,-0.43,-2.7671,1.7574,11177064,171091441.0,9609960000.0,9609960000.0
25,15.54,15.75,15.06,15.23,15.41,0.13,0.8436,1.8678,11879291,185131232.0,9883440000.0,9883440000.0
26,15.41,15.85,15.4,15.82,15.88,-0.47,-2.9597,1.6967,10791264,168233608.0,9800760000.0,9800760000.0
27,15.88,15.92,15.5,15.62,16.1,-0.22,-1.3665,2.226,14157380,222900664.0,10099680000.0,10099680000.0
28,16.1,16.45,15.99,15.99,15.76,0.34,2.1574,3.4254,21785287,353030816.0,10239600000.0,10239600000.0
29,15.76,15.95,15.57,15.66,15.83,-0.07,-0.4422,1.9771,12574532,198291251.0,10023360000.0,10023360000.0
30,15.83,16.06,15.5,15.57,15.82,0.01,0.0632,2.5481,16206103,255413652.0,10067880000.0,10067880000.0
31,15.82,16.43,14.98,15.08,15.28,0.54,3.534,3.4767,22111637,346509565.0,10061520000.0,10061520000.0
32,15.28,15.37,14.65,14.65,15.06,0.22,1.4608,2.1044,13383962,200930452.0,9718080000.0,9718080000.0
33,15.06,15.9,14.92,15.71,15.61,-0.55,-3.5234,2.468,15696453,240694462.0,9578160000.0,9578160000.0
34,15.61,16.18,15.51,15.9,16.82,-1.21,-7.1938,3.4363,21854974,346872284.0,9927960000.0,9927960000.0
35,16.82,18.09,16.39,17.89,17.9,-1.08,-6.0335,4.0039,25464838,436610679.0,10697520000.0,10697520000.0
36,17.9,18.26,17.77,18.0,18.18,-0.28,-1.5402,2.4592,15640360,280792835.0,11384400000.0,11384400000.0
37,18.18,18.47,17.7,17.72,17.94,0.24,1.3378,3.2757,20833430,377316304.0,11562480000.0,11562480000.0
38,17.94,18.39,17.6,17.62,17.71,0.23,1.2987,2.9811,18959776,340993848.0,11409840000.0,11409840000.0
39,17.71,17.94,17.6,17.85,18.21,-0.5,-2.7457,2.7241,17325306,307553112.0,11263560000.0,11263560000.0
40,18.21,18.6,18.11,18.6,18.61,-0.4,-2.1494,3.9111,24874398,455907939.0,11581560000.0,11581560000.0
41,18.61,18.64,17.85,17.93,18.03,0.58,3.2169,5.3875,34264783,626539939.0,11835960000.0,11835960000.0
42,18.03,18.09,17.5,17.5,17.98,0.05,0.2781,3.2942,20951104,374241627.0,11467080000.0,11467080000.0
43,17.98,18.22,17.91,18.02,17.64,0.34,1.9274,3.5108,22328627,403889127.0,11435280000.0,11435280000.0
44,17.64,17.77,17.39,17.51,17.43,0.21,1.2048,2.3974,15247381,268369373.0,11219040000.0,11219040000.0
45,17.43,17.98,17.38,17.77,18.04,-0.61,-3.3814,2.9098,18506027,327312941.0,11085480000.0,11085480000.0
46,18.04,18.1,17.3,17.37,17.82,0.22,1.2346,4.0243,25594858,452493688.0,11473440000.0,11473440000.0
47,17.82,17.89,17.55,17.66,17.98,-0.16,-0.8899,2.3511,14952892,265169410.0,11333520000.0,11333520000.0
48,17.98,18.25,17.81,18.15,18.26,-0.28,-1.5334,2.943,18717778,336971292.0,11435280000.0,11435280000.0
49,18.26,18.56,18.13,18.38,18.65,-0.39,-2.0912,3.6406,23153966,423645546.0,11613360000.0,11613360000.0
50,18.65,18.75,17.8,18.09,18.88,-0.23,-1.2182,5.3647,34119479,624432318.0,11861400000.0,11861400000.0
51,18.88,19.58,18.76,18.76,18.7,0.18,0.9626,6.4026,40720841,780682391.0,12007680000.0,12007680000.0
52,18.7,19.08,18.52,18.69,18.88,-0.18,-0.9534,4.2347,26932386,506168801.0,11893200000.0,11893200000.0
53,18.88,18.99,18.33,18.53,19.01,-0.13,-0.6839,4.2015,26721672,500288263.0,12007680000.0,12007680000.0
54,19.01,19.3,18.2,18.57,19.05,-0.04,-0.21,6.5707,41789775,784063327.0,12090360000.0,12090360000.0
55,19.05,19.42,18.21,18.59,18.5,0.55,2.9730000000000003,8.3131,52871237,1000662650.0,12115800000.0,12115800000.0
56,18.5,18.5,17.33,17.33,16.82,1.68,9.9881,6.3516,40396198,727397904.0,11766000000.0,11766000000.0
57,16.82,16.9,16.3,16.54,16.95,-0.13,-0.767,2.5032,15920566,265240860.0,10697520000.0,10697520000.0
58,16.95,17.34,16.68,16.79,16.79,0.16,0.9529,3.4629,22024344,374402766.0,10780200000.0,10780200000.0
59,16.79,16.88,16.06,16.44,16.8,-0.01,-0.0595,3.5926,22849157,376615257.0,10678440000.0,10678440000.0
60,16.8,17.58,16.78,17.26,17.44,-0.64,-3.6697,3.0109,19149549,328675922.0,10684800000.0,10684800000.0
61,17.44,17.79,17.02,17.15,17.45,-0.01,-0.0573,2.9869,18996525,331325027.0,11091840000.0,11091840000.0
62,17.45,17.99,17.2,17.99,18.02,-0.57,-3.1632,3.4677,22054849,386065298.0,11098200000.0,11098200000.0
63,18.02,18.3,17.78,18.0,18.19,-0.17,-0.9346,2.6971,17153447,309053070.0,11460720000.0,11460720000.0
64,18.19,18.39,17.6,17.89,18.01,0.18,0.9994,3.531,22457231,405134053.0,11568840000.0,11568840000.0
65,18.01,19.39,17.87,19.09,19.45,-1.44,-7.4036,4.6707,29705793,555571494.0,11454360000.0,11454360000.0
66,19.45,19.69,18.8,19.42,20.06,-0.61,-3.0409,4.17,26521042,513339811.0,12370200000.0,12370200000.0
67,20.06,20.98,18.1,19.46,19.97,0.09,0.4507,7.2408,46051704,918240357.0,12758160000.0,12758160000.0
68,19.97,22.09,19.6,21.66,21.78,-1.81,-8.3104,7.1766,45643084,951349872.0,12700920000.0,12700920000.0
69,21.78,22.19,21.06,21.4,21.65,0.13,0.6005,7.6397,48588627,1054001862.0,13852080000.0,13852080000.0
70,21.65,21.9,20.62,20.7,21.03,0.62,2.9482,7.2265,45960767,978391064.0,13769400000.0,13769400000.0
71,21.03,21.37,20.65,20.9,21.19,-0.16,-0.7551,6.1812,39312259,826361216.0,13375080000.0,13375080000.0
72,21.19,21.39,20.16,20.31,20.06,1.13,5.6331,6.9519,44214076,919460833.0,13476840000.0,13476840000.0
73,20.06,21.13,19.8,20.5,20.76,-0.7,-3.3719,5.4852,34885649,712504400.0,12758160000.0,12758160000.0
74,20.76,21.49,20.3,20.5,20.92,-0.16,-0.7648,6.2769,39921220,833159639.0,13203360000.0,13203360000.0
75,20.92,21.09,20.21,20.3,20.28,0.64,3.1558,6.2059,39469702,812293352.0,13305120000.0,13305120000.0
76,20.28,20.33,19.52,19.68,20.04,0.24,1.1976,4.9258,31328284,624769042.0,12898080000.0,12898080000.0
77,20.04,20.76,19.6,19.86,20.62,-0.58,-2.8128,5.4609,34731568,696897424.0,12745440000.0,12745440000.0
78,20.62,21.5,19.75,19.9,20.08,0.54,2.6892,8.7101,55396131,1139049248.0,13114320000.0,13114320000.0
79,20.08,20.52,18.5,18.59,19.27,0.81,4.2034,8.1596,51895258,1020114331.0,12770880000.0,12770880000.0
80,19.27,19.27,18.1,18.1,17.52,1.75,9.9886,6.9326,44091396,827963958.0,12255720000.0,12255720000.0
81,17.52,18.0,17.4,17.75,17.93,-0.41,-2.2867,2.3559,14983400,265071731.0,11142720000.0,11142720000.0
82,17.93,18.82,17.81,18.75,19.33,-1.4,-7.2426,4.5183,28736259,525138690.0,11403480000.0,11403480000.0
83,19.33,19.65,19.29,19.44,18.9,0.43,2.2751,5.047,32099097,624327284.0,12293880000.0,12293880000.0
84,18.9,19.05,18.7,18.87,18.87,0.03,0.159,2.3945,15228841,287215390.0,12020400000.0,12020400000.0
85,18.87,19.07,18.67,18.81,18.83,0.04,0.2124,2.7544,17517723,330817697.0,12001320000.0,12001320000.0
86,18.83,19.1,18.72,18.88,18.75,0.08,0.4267,2.5718,16356730,308398636.0,11975880000.0,11975880000.0
87,18.75,18.93,18.4,18.62,19.11,-0.36,-1.8838,3.165,20129291,375720529.0,11925000000.0,11925000000.0
88,19.11,19.62,18.69,18.83,18.85,0.26,1.3793,3.1210000000000004,19849779,379134226.0,12153960000.0,12153960000.0
89,18.85,19.27,18.78,19.03,19.1,-0.25,-1.3089,2.5627,16298808,309752367.0,11988600000.0,11988600000.0
90,19.1,19.18,18.51,18.55,19.32,-0.22,-1.1387,3.3043,21015250,397078885.0,12147600000.0,12147600000.0
91,19.32,19.46,18.91,19.26,19.76,-0.44,-2.2267,3.7246,23688167,454421369.0,12287520000.0,12287520000.0
92,19.76,20.35,19.72,20.33,20.51,-0.75,-3.6568,3.5736,22728244,452484323.0,12567360000.0,12567360000.0
93,20.51,20.76,20.34,20.47,20.26,0.25,1.234,4.2165,26817089,550968006.0,13044360000.0,13044360000.0
94,20.26,20.59,20.12,20.12,20.32,-0.06,-0.2953,3.0789,19581712,398103896.0,12885360000.0,12885360000.0
95,20.32,20.67,20.1,20.18,20.67,-0.35,-1.6933,3.7078,23581652,480789280.0,12923520000.0,12923520000.0
96,20.67,20.74,19.65,19.73,19.93,0.74,3.713,5.0118,31875169,646371307.0,13146120000.0,13146120000.0
97,19.93,20.07,19.51,20.01,19.98,-0.05,-0.2503,3.8505,24489461,485047947.0,12675480000.0,12675480000.0
98,19.99,20.29,19.1,19.1,19.21,0.78,4.0604,5.2234,33220586,659052533.0,12713640000.0,12713640000.0
99,19.21,19.55,19.04,19.04,18.85,0.36,1.9098,3.5144,22351373,430429595.0,12217560000.0,12217560000.0
100,18.85,19.3,18.69,18.8,19.53,-0.68,-3.4818,3.1904,20290937,384453512.0,11988600000.0,11988600000.0
101,19.53,20.22,19.3,19.83,20.4,-0.87,-4.2647,3.9437,25082228,493161998.0,12421080000.0,12421080000.0
102,20.4,20.88,19.43,19.78,20.07,0.33,1.6442,5.1617,32828168,669030182.0,12974400000.0,12974400000.0
103,20.07,20.46,20.0,20.22,20.05,0.02,0.0998,4.3346,27567767,557165955.0,12764520000.0,12764520000.0
104,20.05,20.18,18.98,19.7,20.14,-0.09,-0.4469,5.3498,34024549,668733317.0,12751800000.0,12751800000.0
105,20.14,21.75,20.14,21.5,22.38,-2.24,-10.0089,5.9149,37618855,786511826.0,12809040000.0,12809040000.0
106,22.38,23.1,22.1,22.34,22.77,-0.39,-1.7128,4.8906,31104357,703380315.0,14233680000.0,14233680000.0
107,22.77,23.38,22.05,22.3,22.62,0.15,0.6631,5.3201,33835842,766743866.0,14481720000.0,14481720000.0
108,22.62,23.25,22.3,22.5,23.57,-0.95,-4.0305,5.1581,32805436,745032470.0,14386320000.0,14386320000.0
109,23.57,24.13,21.02,23.14,23.15,0.42,1.8143,7.6532,48674606,1102579877.0,14990520000.0,14990520000.0
110,23.15,24.19,23.08,23.4,22.87,0.28,1.2243,7.065,44933673,1058110409.0,14723400000.0,14723400000.0
111,22.87,24.15,22.6,22.6,24.9,-2.03,-8.1526,8.2475,52453877,1224397987.0,14545320000.0,14545320000.0
112,24.9,26.03,24.36,24.65,25.07,-0.17,-0.6781,10.772,68509962,1727262921.0,15836400000.0,15836400000.0
113,25.07,25.18,22.02,22.55,23.3,1.77,7.5966,10.0438,63878273,1506211962.0,15944520000.0,15944520000.0
114,23.3,24.0,23.05,23.43,23.73,-0.43,-1.8121,6.4037,40727611,954260630.0,14818800000.0,14818800000.0
115,23.73,24.97,22.8,22.91,23.67,0.06,0.2535,10.0677,64030525,1533828910.0,15092280000.0,15092280000.0
116,23.67,24.0,21.08,21.23,21.89,1.78,8.1316,10.2513,65198530,1482122287.0,15054120000.0,15054120000.0
117,21.89,23.0,21.51,22.39,21.48,0.41,1.9088,10.8937,69284176,1545763218.0,13922040000.0,13922040000.0
118,21.48,21.48,19.66,19.85,19.53,1.95,9.9846,8.1378,51756643,1061748881.0,13661280000.0,13661280000.0
119,19.53,19.76,19.04,19.3,19.65,-0.12,-0.6107,4.8592,30904314,601283829.0,12421080000.0,12421080000.0
120,19.65,20.45,19.41,19.8,20.61,-0.96,-4.6579,7.0062,44559403,882585488.0,12497400000.0,12497400000.0
121,20.61,22.0,19.87,20.0,20.79,-0.18,-0.8658,10.2093,64931238,1361240343.0,13107960000.0,13107960000.0
122,20.79,20.98,18.02,18.32,19.16,1.63,8.5073,9.8604,62712137,1210916402.0,13222440000.0,13222440000.0
123,19.16,20.69,19.0,19.38,18.88,0.28,1.4831,10.6779,67911391,1336460594.0,12185760000.0,12185760000.0
124,18.88,18.88,17.43,17.98,17.16,1.72,10.0233,9.9128,63045477,1158155712.0,12007680000.0,12007680000.0
125,17.16,17.87,16.8,17.35,17.42,-0.26,-1.4925,6.8627,43647050,756594484.0,10913760000.0,10913760000.0
126,17.42,17.42,15.3,15.43,15.84,1.58,9.9747,6.1922,39382097,648304105.0,11079120000.0,11079120000.0
127,15.84,16.35,15.72,15.94,15.69,0.15,0.956,3.6863,23444850,375477526.0,10074240000.0,10074240000.0
128,15.69,16.06,15.49,15.54,15.79,-0.1,-0.6333,2.3945,15229099,239956552.0,9978840000.0,9978840000.0
129,15.79,15.88,14.96,15.05,15.24,0.55,3.6089,2.9679,18875705,291562052.0,10042440000.0,10042440000.0
130,15.24,15.74,15.07,15.48,15.59,-0.35,-2.245,2.2028,14009922,214343095.0,9692640000.0,9692640000.0
131,15.59,16.22,15.52,16.03,15.84,-0.25,-1.5783,3.305,21019700,332785886.0,9915240000.0,9915240000.0
132,15.84,15.97,15.27,15.27,15.41,0.43,2.7904,3.8302,24359843,382514444.0,10074240000.0,10074240000.0
133,15.41,15.54,15.01,15.17,15.19,0.22,1.4483,2.6562,16893265,258013113.0,9800760000.0,9800760000.0
134,15.19,15.27,14.95,15.15,15.4,-0.21,-1.3636,2.279,14494376,219173909.0,9660840000.0,9660840000.0
135,15.4,15.44,14.79,15.14,15.36,0.04,0.2604,2.7864,17721367,268267377.0,9794400000.0,9794400000.0
136,15.36,15.97,15.23,15.59,15.14,0.22,1.4531,4.387,27901082,435190253.0,9768960000.0,9768960000.0
137,15.14,15.28,14.77,14.91,15.2,-0.06,-0.3947,2.8374,18045721,270856420.0,9629040000.0,9629040000.0
138,15.2,15.3,14.65,14.97,15.0,0.2,1.3333,3.6515,23223790,348543243.0,9667200000.0,9667200000.0
139,15.0,15.22,13.86,13.88,13.91,1.09,7.8361,4.7843,30428049,449012921.0,9540000000.0,9540000000.0
140,13.91,14.08,13.76,13.76,13.89,0.02,0.14400000000000002,1.3333,8480100,118089310.0,8846760000.0,8846760000.0
141,13.89,14.03,13.65,13.8,14.22,-0.33,-2.3207,1.712,10888300,150591951.0,8834040000.0,8834040000.0
142,14.22,14.65,14.12,14.61,14.61,-0.39,-2.6694,1.9719,12541111,179598909.0,9043920000.0,9043920000.0
143,14.61,14.63,14.05,14.1,14.33,0.28,1.9539,2.2088,14047701,202230868.0,9291960000.0,9291960000.0
144,14.33,14.45,14.07,14.3,14.49,-0.16,-1.1042,1.7426,11082661,158001299.0,9113880000.0,9113880000.0
145,14.49,14.53,13.63,13.94,14.22,0.27,1.8987,2.3364,14859254,209646696.0,9215640000.0,9215640000.0
146,14.22,14.47,13.85,13.88,13.98,0.24,1.7167,2.1481,13661656,193621814.0,9043920000.0,9043920000.0
147,13.98,14.16,13.41,13.6,13.85,0.13,0.9386,2.2595,14370530,198747452.0,8891280000.0,8891280000.0
148,13.85,14.0,12.88,13.11,14.02,-0.17,-1.2126,2.9631,18845491,252223634.0,8808600000.0,8808600000.0
149,14.02,15.8,13.81,15.3,14.69,-0.67,-4.5609,4.081,25955041,387445952.0,8916720000.0,8916720000.0
150,14.69,15.25,14.21,14.9,15.49,-0.8,-5.1646,3.8011,24174751,356996687.0,9342840000.0,9342840000.0
151,15.49,15.55,13.78,14.01,14.41,1.08,7.4948,5.746,36544465,540857065.0,9851640000.0,9851640000.0
152,14.41,14.41,13.36,13.36,13.1,1.31,10.0,3.9972,25422152,363568012.0,9164760000.0,9164760000.0
153,13.1,13.32,12.78,12.9,13.32,-0.22,-1.6517,0.5658,3598710,47236774.0,8331600000.0,8331600000.0
154,13.32,13.55,12.35,12.94,12.99,0.33,2.5404,1.3132,8352046,108652415.0,8471520000.0,8471520000.0
155,12.99,13.92,12.92,13.8,13.8,-0.81,-5.8696,1.4703,9350800,124337893.0,8261640000.0,8261640000.0
156,13.8,14.3,13.71,14.2,14.35,-0.55,-3.8328,1.3609,8655640,120392503.0,8776800000.0,8776800000.0
157,14.35,14.78,14.21,14.4,14.6,-0.25,-1.7123,0.9344,5943100,85698102.0,9126600000.0,9126600000.0
158,14.6,15.13,14.59,15.1,15.08,-0.48,-3.1830000000000003,1.2529,7968590,117988113.0,9285600000.0,9285600000.0
159,15.08,15.1,14.6,14.68,15.07,0.01,0.0664,1.4367,9137605,135384185.0,9590880000.0,9590880000.0
160,15.07,15.46,15.0,15.0,14.72,0.35,2.3777,2.5284,16080475,244510323.0,9584520000.0,9584520000.0
161,14.72,14.73,14.39,14.6,14.79,-0.07,-0.4733,1.8488,11758646,170992895.0,9361920000.0,9361920000.0
162,14.79,15.19,13.8,13.98,14.08,0.71,5.0426,2.9708,18894368,275694575.0,9406440000.0,9406440000.0
163,14.08,14.46,14.04,14.17,14.09,-0.01,-0.071,1.4986,9531178,135468601.0,8954880000.0,8954880000.0
164,14.09,14.18,13.73,13.82,13.9,0.19,1.3669,5.8317,11065560,155148381.0,8961240000.0,2673577500.0
165,13.9,13.99,13.58,13.81,14.19,-0.29,-2.0437,6.95,13187637,182142550.0,8840400000.0,2637525000.0
166,14.19,14.66,13.82,14.36,14.68,-0.49,-3.3379,8.2578,15669185,223456351.0,9024840000.0,2692552500.0
167,14.68,15.4,14.31,15.15,15.71,-1.03,-6.5563,10.7442,20387128,300210957.0,9336480000.0,2785530000.0
168,15.71,17.45,15.6,16.68,17.33,-1.62,-9.348,13.1455,24943624,406847663.0,9991560000.0,2980972500.0
169,17.33,17.55,16.62,16.62,16.99,0.34,2.0012,15.1886,28820295,494287662.0,11021880000.0,3288367500.0
170,16.99,17.4,15.97,15.97,15.97,1.02,6.3870000000000005,15.4397,29296885,487721087.0,10805640000.0,3223852500.0
171,15.97,16.06,15.51,15.61,16.08,-0.11,-0.6841,6.6039,12530892,197313317.0,10156920000.0,3030307500.0
172,16.08,16.55,16.01,16.02,15.83,0.25,1.5793,9.2636,17577737,285404479.0,10226880000.0,3051180000.0
173,15.83,16.05,15.49,15.95,15.87,-0.04,-0.252,4.8214,9148645,143833083.0,10067880000.0,3003742500.0
174,15.87,16.34,15.71,16.34,16.34,-0.47,-2.8764,6.5518,12432110,198614632.0,10093320000.0,3011332500.0
175,16.34,16.68,15.4,16.2,16.28,0.06,0.3686,10.4309,19792665,319751766.0,10392240000.0,3100515000.0
176,16.28,16.95,16.03,16.23,16.17,0.11,0.6803,10.1113,19186192,316255833.0,10354080000.0,3089130000.0
177,16.17,16.42,16.01,16.2,16.54,-0.37,-2.237,7.9827,15147101,245142863.0,10284120000.0,3068257500.0
178,16.54,16.59,15.25,15.65,15.64,0.9,5.7545,13.6662,25931591,416433515.0,10519440000.0,3138465000.0
179,15.64,15.9,15.4,15.63,15.66,-0.02,-0.1277,6.0351,11451643,179368975.0,9947040000.0,2967690000.0
180,15.66,16.08,15.41,16.03,16.11,-0.45,-2.7933,7.7487,14703200,230280450.0,9959760000.0,2971485000.0
181,16.11,16.3,15.8,16.06,16.21,-0.1,-0.6169,8.5498,16223188,259249873.0,10245960000.0,3056872500.0
182,16.21,16.54,15.81,16.47,16.59,-0.38,-2.2905,11.6941,22189603,357373577.0,10309560000.0,3075847500.0
183,16.59,16.93,15.32,15.32,15.58,1.01,6.4827,17.1872,32612766,528877060.0,10551240000.0,3147952500.0
184,15.58,15.58,13.86,14.08,14.16,1.42,10.0282,13.7958,26177598,388719312.0,9908880000.0,2956305000.0
185,14.16,14.48,13.55,13.55,13.33,0.83,6.2266,8.335,15815594,223585433.0,9005760000.0,2686860000.0
186,13.33,13.4,13.15,13.18,13.24,0.09,0.6798,1.4188,2692198,35796208.0,8477880000.0,2529367500.0
187,13.24,13.48,13.08,13.48,13.44,-0.2,-1.4881,1.9269,3656267,48635565.0,8420640000.0,2512290000.0
188,13.44,13.48,13.26,13.33,13.33,0.11,0.8252,2.0312,3854151,51642486.0,8547840000.0,2550240000.0
189,13.33,13.4,13.18,13.25,13.44,-0.11,-0.8185,2.5583,4854369,64609565.0,8477880000.0,2529367500.0
190,13.44,13.78,12.97,13.09,13.11,0.33,2.5172,4.7018,8921661,119925138.0,8547840000.0,2550240000.0
191,13.11,13.18,12.82,13.01,13.17,-0.06,-0.4556,3.0823,5848643,76002482.0,8337960000.0,2487622500.0
192,13.17,13.78,13.07,13.76,13.84,-0.67,-4.841,3.5481,6732474,90134125.0,8376120000.0,2499007500.0
193,13.84,14.27,13.7,14.15,14.16,-0.32,-2.2599,2.5239,4789142,66961862.0,8802240000.0,2626140000.0
194,14.16,14.23,13.93,13.93,14.05,0.11,0.7829,1.7524,3325125,46892206.0,9005760000.0,2686860000.0
195,14.05,14.25,14.0,14.2,14.32,-0.27,-1.8855,2.5919,4918168,69335340.0,8935800000.0,2665987500.0
196,14.32,14.46,14.12,14.12,14.27,0.05,0.3504,3.3862,6425368,92056533.0,9107520000.0,2717220000.0
197,14.27,14.39,13.79,13.85,13.82,0.45,3.2562,3.5585,6752252,95458356.0,9075720000.0,2707732500.0
198,13.82,13.97,13.73,13.88,13.98,-0.16,-1.1445,1.8655,3539855,48922742.0,8789520000.0,2622345000.0
199,13.98,14.08,13.51,13.66,13.87,0.11,0.7931,2.7503,5218767,72200532.0,8891280000.0,2652705000.0
200,13.87,14.36,13.8,14.16,14.25,-0.38,-2.6667,3.3824,6418145,90851027.0,8821320000.0,2631832500.0
201,14.25,14.3,13.83,14.07,14.52,-0.27,-1.8595,4.881,9261782,130567646.0,9063000000.0,2703937500.0
202,14.52,14.59,14.3,14.48,14.68,-0.16,-1.0899,3.4544,6554640,94535711.0,9234720000.0,2755170000.0
203,14.68,15.46,14.2,15.41,15.3,-0.62,-4.0523,4.6616,8845343,129260025.0,9336480000.0,2785530000.0
204,15.3,16.4,15.11,16.11,16.31,-1.01,-6.1925,5.1915,9850779,154783735.0,9730800000.0,2903175000.0
205,16.31,16.79,16.3,16.66,16.8,-0.49,-2.9167,3.7862,7184240,118176907.0,10373160000.0,3094822500.0
206,16.8,16.94,16.59,16.59,16.52,0.28,1.6949,4.5139,8565064,144099251.0,10684800000.0,3187800000.0
207,16.52,16.68,16.46,16.53,16.58,-0.06,-0.3619,2.4107,4574216,75772621.0,10506720000.0,3134670000.0
208,16.58,16.79,16.48,16.71,16.88,-0.3,-1.7773,2.9573,5611544,92985060.0,10544880000.0,3146055000.0
209,16.88,17.14,16.83,17.04,17.03,-0.15,-0.8808,2.5414,4822401,81537143.0,10735680000.0,3202980000.0
210,17.03,17.12,16.86,16.86,16.86,0.17,1.0083,3.1193,5918840,100628967.0,10831080000.0,3231442500.0
211,16.86,16.94,16.59,16.68,16.83,0.03,0.1783,3.1199,5920016,99335135.0,10722960000.0,3199185000.0
212,16.83,17.15,16.71,16.75,16.63,0.2,1.2026,3.4264,6501541,110121100.0,10703880000.0,3193492500.0
213,16.63,16.77,16.35,16.69,16.86,-0.23,-1.3642,2.6771,5079733,83969730.0,10576680000.0,3155542500.0
214,16.86,17.35,16.8,17.28,17.34,-0.48,-2.7682,3.363,6381201,108513879.0,10722960000.0,3199185000.0
215,17.34,17.73,17.12,17.25,17.26,0.08,0.4635,3.588,6808238,118926074.0,11028240000.0,3290265000.0
216,17.26,17.27,17.05,17.05,17.17,0.09,0.5242,2.2678,4303211,73805366.0,10977360000.0,3275085000.0
217,17.17,17.18,16.92,17.0,17.05,0.12,0.7038,2.3659,4489329,76733173.0,10920120000.0,3258007500.0
218,17.05,17.88,17.01,17.88,17.99,-0.94,-5.2251,4.8657,9232731,159473449.0,10843800000.0,3235237500.0
219,17.99,18.32,17.92,18.28,18.4,-0.41,-2.2283,3.5311,6700350,121458991.0,11441640000.0,3413602500.0
220,18.4,18.53,18.31,18.44,18.45,-0.05,-0.271,2.7198,5160905,94972781.0,11702400000.0,3491400000.0
221,18.45,18.67,18.31,18.38,18.57,-0.12,-0.6462,3.3095,6279741,115849582.0,11734200000.0,3500887500.0
222,18.57,18.69,18.03,18.09,18.13,0.44,2.4269,6.4674,12271939,226926993.0,11810520000.0,3523657500.0
223,18.13,18.15,17.74,17.89,17.96,0.17,0.9465,3.4234,6495850,116400532.0,11530680000.0,3440167500.0
224,17.96,17.97,17.78,17.91,17.84,0.12,0.6726,2.7934,5300441,94924909.0,11422560000.0,3407910000.0
225,17.84,18.48,17.72,18.45,18.46,-0.62,-3.3586,5.895,11185747,200823752.0,11346240000.0,3385140000.0
226,18.46,18.83,18.38,18.59,18.67,-0.21,-1.1248,4.6897,8898691,165222503.0,11740560000.0,3502785000.0
227,18.67,19.34,18.3,19.05,20.27,-1.6,-7.8934,10.9666,20809112,390993194.0,11874120000.0,3542632500.0
228,20.27,20.79,20.07,20.79,20.91,-0.64,-3.0607,6.9342,13157614,268631697.0,12891720000.0,3846232500.0
229,20.91,21.0,20.84,20.99,20.98,-0.07,-0.3337,2.9657,5627330,117600951.0,13298760000.0,3967672500.0
230,20.98,21.08,20.73,21.0,20.96,0.02,0.0954,3.8597,7323757,153145840.0,13343280000.0,3980955000.0
231,20.96,21.24,20.9,21.24,21.15,-0.19,-0.8983,4.0516,7687927,161250267.0,13330560000.0,3977160000.0
232,21.15,21.17,20.93,20.97,20.95,0.2,0.9547,4.3857,8321819,175338857.0,13451400000.0,4013212500.0
233,20.95,21.02,20.69,20.85,20.85,0.1,0.4796,4.405,8358501,174552675.0,13324200000.0,3975262500.0
234,20.85,20.86,20.56,20.68,20.69,0.16,0.7733,5.0596,9600589,198658345.0,13260600000.0,3956287500.0
235,20.69,21.1,20.67,21.0,21.19,-0.5,-2.3596,5.9082,11210719,234148481.0,13158840000.0,3925927500.0
236,21.19,21.24,20.81,21.09,21.38,-0.19,-0.8887,5.9744,11336402,238284198.0,13476840000.0,4020802500.0
237,21.38,21.68,21.26,21.48,21.24,0.14,0.6591,5.9076,11209693,240626505.0,13597680000.0,4056855000.0
238,21.24,21.4,21.03,21.4,21.46,-0.22,-1.0252,5.5464,10524384,222917393.0,13508640000.0,4030290000.0
239,21.46,21.59,21.16,21.2,21.34,0.12,0.5623,6.3723,12091492,258657723.0,13648560000.0,4072035000.0
240,21.34,21.99,21.25,21.99,22.33,-0.99,-4.4335,13.5973,25800955,557045076.0,13572240000.0,4049265000.0
241,22.33,22.48,21.81,22.09,22.1,0.23,1.0407,10.1107,19185021,425807873.0,14201880000.0,4237117500.0
242,22.1,22.73,21.9,22.58,22.5,-0.4,-1.7778,12.898,24473927,544505036.0,14055600000.0,4193475000.0
243,22.5,23.2,22.2,22.91,23.63,-1.13,-4.7821,16.2566,30846865,697168157.0,14310000000.0,4269375000.0
244,23.63,25.12,23.63,24.01,26.26,-2.63,-10.0152,23.8277,45213123,1082664905.0,15028680000.0,4483792500.0
245,26.32,26.98,25.01,25.5,25.27,1.05,4.1551,26.0931,49511625,1301335033.0,16739520000.0,4994220000.0
246,25.27,25.68,24.61,25.6,25.06,0.21,0.838,16.6755,31641800,794988512.0,16071720000.0,4794982500.0
247,25.06,25.88,24.72,25.55,24.67,0.39,1.5809,23.7305,45028673,1137157241.0,15938160000.0,4755135000.0
248,24.67,25.7,22.61,22.81,23.38,1.29,5.5175,28.3064,53711455,1311545599.0,15690120000.0,4681132500.0
249,23.38,23.75,22.38,22.5,23.67,-0.29,-1.2252,19.9191,37796533,873022780.0,14869680000.0,4436355000.0
250,23.67,23.67,21.62,21.62,21.52,2.15,9.9907,16.2402,30815690,714795663.0,15054120000.0,4491382500.0
251,21.52,21.66,21.42,21.6,21.56,-0.04,-0.1855,3.3596,6374833,137319104.0,13686720000.0,4083420000.0
252,21.56,21.6,21.16,21.35,21.43,0.13,0.6066,3.7715,7156412,153522079.0,13712160000.0,4091010000.0
253,21.43,21.48,20.92,20.95,21.21,0.22,1.0372,3.7165,7052043,149346511.0,13629480000.0,4066342500.0
254,21.21,21.77,21.01,21.67,21.86,-0.65,-2.9735,5.6219,10667515,227279477.0,13489560000.0,4024597500.0
255,21.86,22.1,21.58,22.02,22.17,-0.31,-1.3983,6.965,13216109,287995730.0,13902960000.0,4147935000.0
256,22.17,22.46,21.9,22.0,22.35,-0.18,-0.8054,9.6476,18306367,405471302.0,14100120000.0,4206757500.0
257,22.35,22.45,21.4,21.52,21.35,1.0,4.6838,13.319,25272868,555059568.0,14214600000.0,4240912500.0
258,21.35,21.48,21.23,21.4,21.64,-0.29,-1.3401,4.8193,9144551,194978789.0,13578600000.0,4051162500.0
259,21.64,22.16,20.9,21.15,21.22,0.42,1.9793,9.2864,17620928,380176224.0,13763040000.0,4106190000.0
260,21.22,21.31,21.06,21.1,20.9,0.32,1.5311,4.71,8937256,189412007.0,13495920000.0,4026495000.0
261,20.9,21.11,20.8,21.11,21.07,-0.17,-0.8068,2.4287,4608384,96264907.0,13292400000.0,3965775000.0
262,21.07,21.19,20.96,21.14,21.05,0.02,0.095,1.9807,3758470,79099342.0,13400520000.0,3998032500.0
263,21.05,21.4,21.01,21.33,21.31,-0.26,-1.2201,4.3043,8167470,172937736.0,13387800000.0,3994237500.0
264,21.31,21.77,21.22,21.55,21.25,0.06,0.2824,5.0338,9551712,204467553.0,13553160000.0,4043572500.0
265,21.25,21.41,21.02,21.1,21.15,0.1,0.4728,2.8171,5345485,113490800.0,13515000000.0,4032187500.0
266,21.15,21.32,21.03,21.32,21.32,-0.17,-0.7974,2.5821,4899613,103484584.0,13451400000.0,4013212500.0
267,21.32,21.41,20.78,20.88,20.84,0.48,2.3033,4.91,9316661,197811282.0,13559520000.0,4045470000.0
268,20.84,20.88,20.64,20.65,20.8,0.04,0.1923,2.0068,3807950,79152073.0,13254240000.0,3954390000.0
269,20.8,20.85,20.53,20.64,21.17,-0.37,-1.7478,3.7308,7079217,146682463.0,13228800000.0,3946800000.0
270,21.17,21.28,21.05,21.15,21.29,-0.12,-0.5636,2.4814,4708493,99524024.0,13464120000.0,4017007500.0
271,21.29,21.4,21.02,21.11,21.22,0.07,0.3299,2.9958,5684559,120784468.0,13540440000.0,4039777500.0
272,21.22,21.25,21.01,21.1,21.14,0.08,0.3784,2.3118,4386598,92893453.0,13495920000.0,4026495000.0
273,21.14,21.41,21.1,21.3,21.72,-0.58,-2.6703,4.7173,8950993,190079212.0,13445040000.0,4011315000.0
274,21.72,22.04,21.69,21.91,22.04,-0.32,-1.4519,2.9958,5684600,124192435.0,13813920000.0,4121370000.0
275,22.04,22.05,21.76,21.92,22.11,-0.07,-0.3166,3.1728,6020466,131831207.0,14017440000.0,4182090000.0
276,22.11,22.28,21.95,22.28,22.41,-0.3,-1.3387,2.9931,5679361,125419198.0,14061960000.0,4195372500.0
277,22.41,22.66,22.23,22.35,22.21,0.2,0.9005,5.9834,11353493,254971222.0,14252760000.0,4252297500.0
278,22.21,22.42,22.0,22.35,22.06,0.15,0.68,5.0843,9647366,214012948.0,14125560000.0,4214347500.0
279,22.06,22.2,21.62,21.85,21.8,0.26,1.1927,5.0987,9674867,213004882.0,14030160000.0,4185885000.0
280,21.8,21.98,21.65,21.65,21.71,0.09,0.4146,2.9294,5558592,121258532.0,13864800000.0,4136550000.0
281,21.71,21.73,21.36,21.45,21.5,0.21,0.9767,2.5702,4877027,105100872.0,13807560000.0,4119472500.0
282,21.5,21.66,21.28,21.55,21.68,-0.18,-0.8303,2.2133,4199652,89888615.0,13674000000.0,4079625000.0
283,21.68,21.91,21.61,21.89,21.72,-0.04,-0.1842,2.3327,4426258,96221051.0,13788480000.0,4113780000.0
284,21.72,21.96,21.68,21.79,21.62,0.1,0.4625,2.5614,4860332,105970032.0,13813920000.0,4121370000.0
285,21.62,21.83,21.57,21.82,21.93,-0.31,-1.4136,2.5718,4880007,105847231.0,13750320000.0,4102395000.0
286,21.93,21.96,21.72,21.88,21.99,-0.06,-0.2729,2.3328,4426569,96717979.0,13947480000.0,4161217500.0
287,21.99,22.0,21.8,21.8,21.89,0.1,0.4568,2.4572,4662462,102164155.0,13985640000.0,4172602500.0
288,21.89,21.97,21.61,21.88,22.16,-0.27,-1.2184,3.6044,6839356,149208035.0,13922040000.0,4153627500.0
289,22.16,22.34,22.02,22.3,22.14,0.02,0.0903,2.8007,5314301,117756650.0,14093760000.0,4204860000.0
290,22.14,22.34,22.03,22.1,22.35,-0.21,-0.9396,3.4163,6482396,143423606.0,14081040000.0,4201065000.0
291,22.35,22.46,21.91,22.3,22.09,0.26,1.177,6.1157,11604538,258111045.0,14214600000.0,4240912500.0
292,22.09,22.1,21.85,21.85,21.69,0.4,1.8442,3.7106,7040918,154873625.0,14049240000.0,4191577500.0
293,21.69,22.35,21.58,21.83,21.24,0.45,2.1186,5.8697,11137822,245008243.0,13794840000.0,4115677500.0
294,21.24,21.26,20.69,20.81,20.81,0.43,2.0663,1.8905,3587290,75228808.0,13508640000.0,4030290000.0
295,20.81,21.06,20.68,20.78,20.89,-0.08,-0.383,1.6716,3171869,66169565.0,13235160000.0,3948697500.0
296,20.89,21.3,20.86,21.16,21.17,-0.28,-1.3226,1.861,3531333,74423811.0,13286040000.0,3963877500.0
297,21.17,21.36,20.9,20.96,20.85,0.32,1.5348,2.8378,5384718,113847405.0,13464120000.0,4017007500.0
298,20.85,20.93,20.63,20.7,20.68,0.17,0.8221,1.9949,3785337,78700660.0,13260600000.0,3956287500.0
299,20.68,20.98,20.38,20.98,21.31,-0.63,-2.9564,3.1367,5951969,122955868.0,13152480000.0,3924030000.0
300,21.31,21.48,21.11,21.27,21.16,0.15,0.7089,3.2113,6093491,129953880.0,13553160000.0,4043572500.0
301,21.16,21.29,20.62,20.91,20.91,0.25,1.1956,2.661,5049280,105901667.0,13457760000.0,4015110000.0
302,20.91,21.67,20.3,21.56,21.69,-0.78,-3.5961,3.5410000000000004,6719140,141201755.0,13298760000.0,3967672500.0
303,21.69,22.28,21.58,22.26,22.33,-0.64,-2.8661,3.4519,6549987,143030152.0,13794840000.0,4115677500.0
304,22.33,22.34,22.1,22.1,22.02,0.31,1.4078,2.8861,5476325,121831400.0,14201880000.0,4237117500.0
305,22.02,22.22,21.99,22.15,22.2,-0.18,-0.8108,2.0535,3896610,85976470.0,14004720000.0,4178295000.0
306,22.2,22.35,22.06,22.25,22.05,0.15,0.6803,2.6184,4968394,110367468.0,14119200000.0,4212450000.0
307,22.05,22.49,21.95,22.32,22.4,-0.35,-1.5625,3.4321,6512425,143836408.0,14023800000.0,4183987500.0
308,22.4,22.97,22.4,22.9,22.81,-0.41,-1.7975,3.3849,6422940,145268006.0,14246400000.0,4250400000.0
309,22.81,22.98,22.55,22.66,22.49,0.32,1.4229,4.325,8206701,186968129.0,14507160000.0,4328197500.0
310,22.49,22.54,22.26,22.45,22.42,0.07,0.3122,2.4972,4738500,106203460.0,14303640000.0,4267477500.0
311,22.42,22.45,22.19,22.19,22.36,0.06,0.2683,1.9578,3714961,83033946.0,14259120000.0,4254195000.0
312,22.36,23.05,22.32,22.96,22.62,-0.26,-1.1494,3.5513,6738544,152240969.0,14220960000.0,4242810000.0
313,22.62,22.7,22.45,22.59,22.35,0.27,1.2081,5.3462,10144440,229098957.0,14386320000.0,4292145000.0
314,22.35,22.46,22.12,22.12,22.08,0.27,1.2228,4.2909,8141995,181871626.0,14214600000.0,4240912500.0
315,22.08,22.15,21.72,21.72,21.95,0.13,0.5923,2.8311,5372060,118293338.0,14042880000.0,4189680000.0
316,21.95,22.15,21.25,22.02,22.0,-0.05,-0.2273,3.6111,6852103,148687655.0,13960200000.0,4165012500.0
317,22.0,22.15,21.94,21.95,21.99,0.01,0.0455,2.4017,4557301,100416506.0,13992000000.0,4174500000.0
318,21.99,22.18,21.95,22.13,22.21,-0.22,-0.9905,2.1457,4071533,89622200.0,13985640000.0,4172602500.0
319,22.21,22.23,21.9,21.95,22.02,0.19,0.8629,2.5059,4755006,105020807.0,14125560000.0,4214347500.0
320,22.02,22.32,21.95,22.3,22.33,-0.31,-1.3883,2.8228,5356320,118313506.0,14004720000.0,4178295000.0
321,22.33,22.37,22.08,22.26,22.15,0.18,0.8126,3.2037,6079115,135187196.0,14201880000.0,4237117500.0
322,22.15,22.17,21.81,22.0,22.27,-0.12,-0.5388,3.7647,7143451,156952398.0,14087400000.0,4202962500.0
323,22.27,22.54,22.06,22.17,22.86,-0.59,-2.5809,5.7463,10903635,242445013.0,14163720000.0,4225732500.0
324,22.86,22.99,21.9,22.08,22.2,0.66,2.9730000000000003,6.7053,12723280,287655931.0,14538960000.0,4337685000.0
325,22.2,22.35,21.8,22.17,22.12,0.08,0.3617,3.6975,7016046,154985326.0,14119200000.0,4212450000.0
326,22.12,23.57,22.05,23.2,23.49,-1.37,-5.8323,6.0643,11507087,263863390.0,14068320000.0,4197270000.0
327,23.49,23.74,23.32,23.5,23.73,-0.24,-1.0114,3.5053,6651324,156043467.0,14939640000.0,4457227500.0
328,23.73,24.03,23.62,23.74,23.59,0.14,0.5935,4.0033,7596309,181056147.0,15092280000.0,4502767500.0
329,23.59,23.6,23.24,23.5,23.51,0.08,0.3403,3.1405,5959032,139727335.0,15003240000.0,4476202500.0
330,23.51,24.0,23.5,23.85,23.91,-0.4,-1.6729,5.0602,9601808,227436588.0,14952360000.0,4461022500.0
331,23.91,24.66,23.88,24.6,24.84,-0.93,-3.744,5.6938,10803895,260807162.0,15206760000.0,4536922500.0
332,24.84,24.92,24.26,24.56,24.62,0.22,0.8936,9.2223,17499400,432215824.0,15798240000.0,4713390000.0
333,24.62,24.69,23.87,24.0,24.42,0.2,0.8190000000000001,5.3826,10213536,248376872.0,15658320000.0,4671645000.0
334,24.42,24.7,24.29,24.4,24.6,-0.18,-0.7317,4.5924,8714045,213662689.0,15531120000.0,4633695000.0
335,24.6,24.77,24.31,24.5,24.51,0.09,0.3672,6.0104,11404705,279981648.0,15645600000.0,4667850000.0
336,24.51,24.8,24.29,24.29,24.06,0.45,1.8703,7.068,13411508,329017876.0,15588360000.0,4650772500.0
337,24.06,24.15,23.81,24.09,24.28,-0.22,-0.9061,4.9733,9436763,226325655.0,15302160000.0,4565385000.0
338,24.28,24.53,24.01,24.13,24.83,-0.55,-2.2151,6.1418,11654046,282935827.0,15442080000.0,4607130000.0
339,24.83,24.95,24.49,24.69,24.75,0.08,0.3232,6.5966,12517077,309553196.0,15791880000.0,4711492500.0
340,24.75,24.83,24.6,24.78,24.71,0.04,0.1619,5.1317,9737415,240588911.0,15741000000.0,4696312500.0
341,24.71,24.76,24.38,24.46,24.48,0.23,0.9395,5.6897,10796247,264851425.0,15715560000.0,4688722500.0
342,24.48,25.06,24.32,25.06,25.26,-0.78,-3.0879,9.9181,18819689,462621924.0,15569280000.0,4645080000.0
343,25.26,25.48,25.1,25.25,25.33,-0.07,-0.2764,5.2852,10028682,253560263.0,16065360000.0,4793085000.0
344,25.33,25.58,25.11,25.5,25.49,-0.16,-0.6277,7.9179,15024213,379527677.0,16109880000.0,4806367500.0
345,25.49,25.89,25.38,25.47,25.38,0.11,0.4334,9.0799,17229108,440994360.0,16211640000.0,4836727500.0
346,25.38,25.53,25.03,25.2,26.2,-0.82,-3.1298,13.0307,24725838,623582667.0,16141680000.0,4815855000.0
347,26.2,26.35,25.66,26.18,26.73,-0.53,-1.9828,10.9648,20805732,541479731.0,16663200000.0,4971450000.0
348,26.73,26.92,26.16,26.16,27.98,-1.25,-4.4675,14.9622,28390834,754288848.0,17000280000.0,5072017500.0
349,27.98,27.98,25.16,25.16,25.44,2.54,9.9843,27.9433,53022361,1430814898.0,17795280000.0,5309205000.0
350,25.44,25.47,25.01,25.01,25.57,-0.13,-0.5084,5.9015,11198168,282530564.0,16179840000.0,4827240000.0
351,25.57,25.66,25.14,25.5,25.82,-0.25,-0.9682,6.6528,12623737,320301880.0,16262520000.0,4851907500.0
352,25.82,26.28,25.72,26.09,26.31,-0.49,-1.8624,6.8293,12958682,336079219.0,16421520000.0,4899345000.0
353,26.31,26.86,25.98,26.61,26.53,-0.22,-0.8292,11.7862,22364312,590038663.0,16733160000.0,4992322500.0
354,26.53,27.07,25.37,25.6,25.16,1.37,5.4452,18.583,35261158,921813558.0,16873080000.0,5034067500.0
355,25.16,25.24,24.5,24.9,24.91,0.25,1.0036,7.6158,14451060,359976547.0,16001760000.0,4774110000.0
356,24.91,25.08,24.53,24.77,24.38,0.53,2.1739,7.4852,14203148,354037477.0,15842760000.0,4726672500.0
357,24.38,24.85,24.31,24.43,24.57,-0.19,-0.7733,4.0128,7614362,186813986.0,15505680000.0,4626105000.0
358,24.57,24.7,24.36,24.55,24.92,-0.35,-1.4045,4.0259,7639171,187264015.0,15626520000.0,4662157500.0
359,24.92,25.37,24.8,25.25,24.99,-0.07,-0.2801,7.2967,13845460,347305915.0,15849120000.0,4728570000.0
360,24.99,25.12,24.41,24.59,24.59,0.4,1.6267,7.0969,13466390,335101987.0,15893640000.0,4741852500.0
361,24.59,24.6,24.12,24.35,24.48,0.11,0.4493,4.1699,7912407,193259231.0,15639240000.0,4665952500.0
362,24.48,24.7,24.2,24.51,24.78,-0.3,-1.2107,5.3714,10192165,249034114.0,15569280000.0,4645080000.0
363,24.78,25.11,24.7,25.01,24.9,-0.12,-0.4819,5.5874,10602032,263793432.0,15760080000.0,4702005000.0
364,24.9,25.14,24.64,24.88,24.91,-0.01,-0.0401,6.6191,12559737,311870567.0,15836400000.0,4724775000.0
365,24.91,25.0,24.41,24.42,24.9,0.01,0.0402,9.7991,18593809,460579575.0,15842760000.0,4726672500.0
366,24.9,25.27,23.06,23.16,23.15,1.75,7.5594,11.0437,20955339,506894231.0,15836400000.0,4724775000.0
367,23.15,23.2,22.92,23.12,23.22,-0.07,-0.3015,2.7886,5291463,122007435.0,14723400000.0,4392712500.0
368,23.22,23.47,23.05,23.05,23.07,0.15,0.6502,3.9996,7589315,176823959.0,14767920000.0,4405995000.0
369,23.07,23.25,23.01,23.08,23.31,-0.24,-1.0296,2.8048,5322149,122898460.0,14672520000.0,4377532500.0
370,23.31,23.46,22.85,22.94,23.14,0.17,0.7347,5.1757,9820838,227421156.0,14825160000.0,4423072500.0
371,23.14,23.19,22.41,22.45,23.69,-0.55,-2.3217,6.6492,12616778,287021406.0,14717040000.0,4390815000.0
372,23.69,23.7,23.33,23.38,23.3,0.39,1.6738,2.8022,5317082,125140726.0,15066840000.0,4495177500.0
373,23.3,23.53,23.26,23.5,23.38,-0.08,-0.3422,2.1715,4120411,96244797.0,14818800000.0,4421175000.0
374,23.38,23.57,23.32,23.55,23.78,-0.4,-1.6821,2.3422,4444391,104083895.0,14869680000.0,4436355000.0
375,23.78,23.83,23.51,23.56,23.54,0.24,1.0195,2.8184,5347925,126704264.0,15124080000.0,4512255000.0
376,23.54,24.36,23.5,24.33,24.3,-0.76,-3.1276,3.9858,7563017,180159803.0,14971440000.0,4466715000.0
377,24.3,25.25,24.26,25.09,25.08,-0.78,-3.11,4.3701,8292297,204379296.0,15454800000.0,4610925000.0
378,25.08,25.68,25.02,25.55,25.19,-0.11,-0.4367,4.8129,9132438,231360602.0,15950880000.0,4758930000.0
379,25.19,25.22,24.56,24.95,24.83,0.36,1.4499,4.9602,9412072,234731950.0,16020840000.0,4779802500.0
380,24.83,25.1,24.7,24.8,24.91,-0.08,-0.3212,2.8027,5318136,132306899.0,15791880000.0,4711492500.0
381,24.91,25.05,24.1,24.24,24.67,0.24,0.9728,3.8312,7269732,178563132.0,15842760000.0,4726672500.0
382,24.67,24.85,23.78,24.02,24.44,0.23,0.9411,5.4734,10385855,252648614.0,15690120000.0,4681132500.0
383,24.44,24.85,24.34,24.5,24.34,0.1,0.4108,3.9046,7408923,181893435.0,15543840000.0,4637490000.0
384,24.34,25.0,24.25,25.0,25.75,-1.41,-5.4757,6.0482,11476430,283420626.0,15480240000.0,4618515000.0
385,25.75,26.18,25.7,26.1,26.33,-0.58,-2.2028,5.921,11235187,290885870.0,16377000000.0,4886062500.0
386,26.33,26.4,26.13,26.4,26.62,-0.29,-1.0894,4.2652,8093291,212478746.0,16745880000.0,4996117500.0
387,26.62,27.09,26.56,26.95,26.41,0.21,0.7952,7.7555,14716017,394139679.0,16930320000.0,5051145000.0
388,26.41,26.61,26.03,26.6,26.59,-0.18,-0.6769,4.5987,8726082,228833757.0,16796760000.0,5011297500.0
389,26.59,26.9,26.42,26.89,26.19,0.4,1.5273,5.4112,10267661,273172511.0,16911240000.0,5045452500.0
390,26.19,26.93,26.14,26.66,26.52,-0.33,-1.2443,5.7331,10878604,288569872.0,16656840000.0,4969552500.0
391,26.52,27.06,26.5,26.62,26.75,-0.23,-0.8598,6.4516,12241924,327599453.0,16866720000.0,5032170000.0
392,26.75,26.85,26.04,26.15,26.38,0.37,1.4026,5.5028,10441633,276873323.0,17013000000.0,5075812500.0
393,26.38,26.59,26.3,26.45,26.32,0.06,0.228,2.8272,5364553,141635731.0,16777680000.0,5005605000.0
394,26.32,26.45,26.05,26.08,26.47,-0.15,-0.5667,3.5379,6713075,176356124.0,16739520000.0,4994220000.0
395,26.47,26.69,26.37,26.43,26.45,0.02,0.0756,3.4266,6501915,172214003.0,16834920000.0,5022682500.0
396,26.45,26.63,26.02,26.02,26.89,-0.44,-1.6363,5.0184,9522477,251141052.0,16822200000.0,5018887500.0
397,26.89,27.26,26.86,26.86,27.14,-0.25,-0.9211,4.6003,8729034,235826034.0,17102040000.0,5102377500.0
398,27.14,27.2,26.47,26.79,26.81,0.33,1.2309,6.3146,11981898,321086688.0,17261040000.0,5149815000.0
399,26.81,27.0,26.71,27.0,27.48,-0.67,-2.4381,5.0591,9599701,257698185.0,17051160000.0,5087197500.0
400,27.48,27.8,27.21,27.48,27.84,-0.36,-1.2931,5.9727,11333140,310530413.0,17477280000.0,5214330000.0
401,27.84,28.48,27.71,27.91,27.69,0.15,0.5417,10.158999999999999,19276722,540776080.0,17706240000.0,5282640000.0
402,27.69,27.87,27.26,27.55,28.05,-0.36,-1.2834,9.0335,17141072,471640563.0,17610840000.0,5254177500.0
403,28.05,28.28,27.01,27.11,27.08,0.97,3.582,15.4373,29292279,812203438.0,17839800000.0,5322487500.0
404,27.08,27.32,26.45,26.51,26.78,0.3,1.1202,8.4156,15968541,430054270.0,17222880000.0,5138430000.0
405,26.78,26.84,26.4,26.58,26.86,-0.08,-0.2978,5.115,9705621,258486555.0,17032080000.0,5081505000.0
406,26.86,27.16,26.66,27.06,27.63,-0.77,-2.7868,8.3626,15868036,426352586.0,17082960000.0,5096685000.0
407,27.63,27.82,26.83,26.96,26.6,1.03,3.8722,13.1806,25010136,682923774.0,17572680000.0,5242792500.0
408,26.6,26.68,26.3,26.4,26.46,0.14,0.5291,5.8673,11133274,295437297.0,16917600000.0,5047350000.0
409,26.46,27.16,26.21,26.97,28.12,-1.66,-5.9033,13.0327,24729572,659823701.0,16828560000.0,5020785000.0
410,28.12,28.16,27.3,27.73,27.58,0.54,1.9579,9.8815,18750165,520415961.0,17884320000.0,5335770000.0
411,27.58,27.79,27.22,27.5,28.17,-0.59,-2.0944,9.5808,18179522,499964279.0,17540880000.0,5233305000.0
412,28.17,28.8,28.1,28.65,28.03,0.14,0.4995,9.4012,17838728,505578095.0,17916120000.0,5345257500.0
413,28.03,28.25,27.32,27.8,28.22,-0.19,-0.6733,9.0253,17125494,474641966.0,17827080000.0,5318692500.0
414,28.22,29.15,28.09,28.85,28.11,0.11,0.3913,12.799000000000001,24286090,696350654.0,17947920000.0,5354745000.0
415,28.11,29.46,28.1,28.69,29.02,-0.91,-3.1358,12.6932,24085435,690113410.0,17877960000.0,5333872500.0
416,29.02,30.0,29.0,29.71,29.32,-0.3,-1.0232,22.541,42771475,1262953277.0,18456720000.0,5506545000.0
417,29.32,29.55,26.7,28.4,28.76,0.56,1.9471,23.0027,43647530,1242772663.0,18647520000.0,5563470000.0
418,28.76,28.95,27.66,27.89,27.37,1.39,5.0786,18.6382,35365994,1004513262.0,18291360000.0,5457210000.0
419,27.37,27.92,27.1,27.68,28.49,-1.12,-3.9312,11.1306,21120388,581710978.0,17407320000.0,5193457500.0
420,28.49,29.29,27.9,28.81,28.17,0.32,1.136,15.5272,29462939,843576132.0,18119640000.0,5405977500.0
421,28.17,28.56,27.81,28.17,28.78,-0.61,-2.1195,12.6911,24081296,678258370.0,17916120000.0,5345257500.0
422,28.78,30.78,28.73,30.63,30.46,-1.68,-5.5154,18.4084,34929956,1031001667.0,18304080000.0,5461005000.0
423,30.46,30.65,29.38,29.8,30.19,0.27,0.8943,15.1332,28715208,861574245.0,19372560000.0,5779785000.0
424,30.19,31.28,28.18,28.41,28.75,1.44,5.0087,25.5826,48542993,1454623879.0,19200840000.0,5728552500.0
425,28.75,29.8,26.51,27.0,27.31,1.44,5.2728,23.4433,44483641,1253945641.0,18285000000.0,5455312500.0
426,27.31,28.48,27.27,28.07,28.28,-0.97,-3.43,12.4224,23571460,652158391.0,17369160000.0,5182072500.0
427,28.28,28.32,26.75,26.99,28.18,0.1,0.3549,15.0365,28531712,781015999.0,17986080000.0,5366130000.0
428,28.18,28.5,27.4,27.66,28.46,-0.28,-0.9838,15.5501,29506291,821122547.0,17922480000.0,5347155000.0
429,28.46,29.88,27.8,27.8,27.29,1.17,4.2873,28.754,54560688,1575390344.0,18100560000.0,5400285000.0
430,27.29,27.94,27.01,27.4,28.19,-0.9,-3.1926,20.1005,38140786,1043471531.0,17356440000.0,5178277500.0
431,28.19,29.4,26.39,27.0,26.73,1.46,5.4620000000000015,37.4533,71067546,1993969565.0,17928840000.0,5349052500.0
432,26.73,26.73,24.68,24.85,24.3,2.43,10.0,28.6095,54286456,1403564448.0,17000280000.0,5072017500.0
433,24.3,24.45,23.53,24.01,24.38,-0.08,-0.3281,13.199000000000002,25045144,598172010.0,15454800000.0,4610925000.0
434,24.38,25.19,23.92,24.37,23.81,0.57,2.394,20.025,37997442,931797523.0,15505680000.0,4626105000.0
435,23.81,24.45,23.33,23.46,23.21,0.6,2.5851,14.8973,28267612,675004051.0,15143160000.0,4517947500.0
436,23.21,23.84,23.1,23.65,23.97,-0.76,-3.1706,10.2955,19535674,457726549.0,14761560000.0,4404097500.0
437,23.97,24.56,23.58,23.68,24.16,-0.19,-0.7864,15.0602,28576672,686615513.0,15244920000.0,4548307500.0
438,24.16,24.88,23.1,23.7,23.67,0.49,2.0701,20.523000000000003,38942460,937325688.0,15365760000.0,4584360000.0
439,23.67,24.5,23.3,23.67,23.6,0.07,0.2966,23.5716,44727178,1066056585.0,15054120000.0,4491382500.0
440,23.6,23.6,21.45,21.8,21.45,2.15,10.0233,28.7644,54580405,1247475209.0,15009600000.0,4478100000.0
441,21.45,21.67,21.11,21.5,21.5,-0.05,-0.2326,5.6728,10764135,230505093.0,13642200000.0,4070137500.0
442,21.53,21.68,21.0,21.16,21.46,0.07,0.3262,6.3994,12142947,258777268.0,13693080000.0,4085317500.0
443,21.46,22.17,21.3,22.01,22.18,-0.72,-3.2462,9.7342,18470687,401767114.0,13648560000.0,4072035000.0
444,22.18,22.47,21.93,22.45,22.43,-0.25,-1.1146,7.7671,14738120,325790310.0,14106480000.0,4208655000.0
445,22.43,22.91,22.35,22.41,23.36,-0.93,-3.9812,14.3236,27179038,613094082.0,14265480000.0,4256092500.0
446,23.36,23.78,22.2,22.5,22.27,1.09,4.8945,20.7078,39293106,895598230.0,14856960000.0,4432560000.0
447,22.27,22.56,20.95,21.38,21.33,0.94,4.4069,15.3085,29047803,630016110.0,14163720000.0,4225732500.0
448,21.33,22.03,21.09,21.89,21.99,-0.66,-3.0014,11.1703,21195639,457415913.0,13565880000.0,4047367500.0
449,21.99,22.6,21.14,21.35,20.95,1.04,4.9642,18.9251,35910362,782963983.0,13985640000.0,4172602500.0
450,20.95,21.1,20.71,20.8,20.73,0.22,1.0613,6.0356,11452542,239732993.0,13324200000.0,3975262500.0
451,20.73,21.08,20.68,21.07,21.15,-0.42,-1.9858,6.3703,12087682,251149580.0,13184280000.0,3933517500.0
452,21.15,21.95,21.11,21.7,20.54,0.61,2.9698,12.3462,23427000,502944217.0,13451400000.0,4013212500.0
453,20.54,20.68,20.23,20.54,20.75,-0.21,-1.012,7.1189,13508137,276097147.0,13063440000.0,3897465000.0
454,20.75,20.99,20.0,20.06,20.21,0.54,2.6719,10.121,19204666,394856054.0,13197000000.0,3937312500.0
455,20.21,20.26,20.0,20.18,20.09,0.12,0.5973,6.6753,12666406,255266034.0,12853560000.0,3834847500.0
456,20.09,20.14,19.53,19.63,19.45,0.64,3.2905,6.9228,13136084,261240409.0,12777240000.0,3812077500.0
457,19.45,19.68,19.26,19.63,19.93,-0.48,-2.4084,3.6305,6888910,134036679.0,12370200000.0,3690637500.0
458,19.93,20.1,19.75,19.8,20.03,-0.1,-0.4993,3.7461,7108319,141509369.0,12675480000.0,3781717500.0
459,20.03,20.15,19.68,19.92,19.76,0.27,1.3664,4.4971,8533333,169949238.0,12739080000.0,3800692500.0
460,19.76,20.04,19.63,19.71,19.96,-0.2,-1.002,4.2371,8039870,159249488.0,12567360000.0,3749460000.0
461,19.96,20.13,19.7,20.08,20.23,-0.27,-1.3347,3.8176,7243887,144481860.0,12694560000.0,3787410000.0
462,20.23,20.3,20.0,20.0,20.02,0.21,1.0490000000000002,3.2379,6143932,123864443.0,12866280000.0,3838642500.0
463,20.02,20.1,19.69,19.94,20.22,-0.2,-0.9891,4.4694,8480628,168766315.0,12732720000.0,3798795000.0
464,20.22,20.38,19.83,20.0,20.44,-0.22,-1.0763,4.9792,9447972,190484726.0,12859920000.0,3836745000.0
465,20.44,21.52,20.02,21.38,21.23,-0.79,-3.7211,6.6024,12528050,259397456.0,12999840000.0,3878490000.0
466,21.23,21.95,21.21,21.31,21.58,-0.35,-1.6219,6.6713,12658759,272249266.0,13502280000.0,4028392500.0
467,21.58,21.84,20.5,20.66,21.03,0.55,2.6153,7.6614,14537427,308870299.0,13724880000.0,4094805000.0
468,21.03,21.2,20.36,20.46,20.64,0.39,1.8895,4.9892,9466962,197693369.0,13375080000.0,3990442500.0
469,20.64,20.96,20.2,20.8,21.09,-0.45,-2.1337,3.9152,7429097,153484411.0,13127040000.0,3916440000.0
470,21.09,21.35,20.5,20.79,20.64,0.45,2.1802,6.1547,11678484,244668711.0,13413240000.0,4001827500.0
471,20.64,20.8,20.28,20.34,21.06,-0.42,-1.9943,5.0935,9664988,198739935.0,13127040000.0,3916440000.0
472,21.06,22.54,20.7,22.54,22.6,-1.54,-6.8142,7.8292,14855868,319621021.0,13394160000.0,3996135000.0
473,22.6,23.68,22.53,23.35,23.56,-0.96,-4.0747,8.6045,16327129,376939729.0,14373600000.0,4288350000.0
474,23.56,23.87,23.2,23.25,23.42,0.14,0.5978,6.2597,11877725,280286927.0,14984160000.0,4470510000.0
475,23.42,23.87,23.28,23.46,23.9,-0.48,-2.0084,7.7788,14760242,346724628.0,14895120000.0,4443945000.0
476,23.9,24.15,23.54,23.82,23.05,0.85,3.6876,10.1636,19285356,459614680.0,15200400000.0,4535025000.0
477,23.05,23.5,23.0,23.11,22.66,0.39,1.7211,10.1078,19179620,446425303.0,14659800000.0,4373737500.0
478,22.66,22.9,22.23,22.6,23.01,-0.35,-1.5211,6.9793,13243168,298835637.0,14411760000.0,4299735000.0
479,23.01,23.18,22.5,22.74,22.47,0.54,2.4032,8.0786,15329157,349746943.0,14634360000.0,4366147500.0
480,22.47,22.72,22.28,22.57,22.36,0.11,0.4919,3.8722,7347483,165029103.0,14290920000.0,4263682500.0
481,22.36,22.67,22.07,22.21,22.72,-0.36,-1.5845,4.9359,9365811,209576539.0,14220960000.0,4242810000.0
482,22.72,23.4,22.21,22.98,23.7,-0.98,-4.135,8.9577,16997262,386326485.0,14449920000.0,4311120000.0
483,23.7,24.2,22.39,22.63,22.97,0.73,3.1781,13.187999999999999,25024265,584933465.0,15073200000.0,4497075000.0
484,22.97,24.65,22.02,24.4,23.84,-0.87,-3.6493,13.4853,25588356,604271352.0,14608920000.0,4358557500.0
485,23.84,23.88,23.08,23.32,23.53,0.31,1.3175,8.047,15269100,357106812.0,15162240000.0,4523640000.0
486,23.53,24.46,23.45,24.31,24.28,-0.75,-3.089,10.5957,20105270,479042018.0,14965080000.0,4464817500.0
487,24.28,24.45,23.73,23.95,24.43,-0.15,-0.614,10.9291,20737914,499040886.0,15442080000.0,4607130000.0
488,24.43,24.84,24.02,24.51,25.26,-0.83,-3.2858,14.9609,28388229,693309215.0,15537480000.0,4635592500.0
489,25.26,25.69,24.54,24.75,25.11,0.15,0.5974,19.9409,37837850,953702119.0,16065360000.0,4793085000.0
490,25.11,26.01,24.0,24.0,23.98,1.13,4.7123,25.8946,49135085,1233232136.0,15969960000.0,4764622500.0
491,23.98,24.91,23.3,23.7,23.87,0.11,0.4608,20.7447,39363006,945319556.0,15251280000.0,4550205000.0
492,23.87,24.5,22.9,23.08,22.87,1.0,4.3725,19.262,36549680,863960262.0,15181320000.0,4529332500.0
493,22.87,23.23,22.61,22.8,23.11,-0.24,-1.0385,7.5871,14396453,329427896.0,14545320000.0,4339582500.0
494,23.11,23.74,22.9,23.36,23.25,-0.14,-0.6022,9.1682,17396632,405885588.0,14697960000.0,4385122500.0
495,23.25,23.28,22.41,23.0,23.27,-0.02,-0.0859,9.4098,17855120,408196723.0,14787000000.0,4411687500.0
496,23.27,23.88,23.18,23.39,23.55,-0.28,-1.189,8.7552,16612905,389754048.0,14799720000.0,4415482500.0
497,23.55,23.62,22.7,22.76,23.03,0.52,2.2579,11.5255,21869624,509796670.0,14977800000.0,4468612500.0
498,23.03,23.28,22.58,23.18,22.46,0.57,2.5378,9.2863,17620830,404566135.0,14647080000.0,4369942500.0
499,22.46,23.13,22.31,23.0,23.14,-0.68,-2.9386,7.9117,15012446,340946395.0,14284560000.0,4261785000.0
500,23.14,23.18,22.26,22.39,22.52,0.62,2.7531,10.5291,19979019,455958246.0,14717040000.0,4390815000.0
501,22.52,23.36,22.0,23.13,23.14,-0.62,-2.6793,12.888,24455057,550292713.0,14322720000.0,4273170000.0
502,23.14,23.85,23.06,23.3,24.33,-1.19,-4.8911,13.6562,25912702,606101925.0,14717040000.0,4390815000.0
503,24.33,25.3,23.9,24.46,25.06,-0.73,-2.9130000000000003,17.9934,34142464,835757278.0,15473880000.0,4616617500.0
504,25.06,25.1,22.8,23.0,23.4,1.66,7.0939999999999985,24.0485,45631956,1103103190.0,15938160000.0,4755135000.0
505,23.4,23.95,22.51,22.8,23.32,0.08,0.3431,16.1291,30604919,708110862.0,14882400000.0,4440150000.0
506,23.32,23.8,23.0,23.25,22.99,0.33,1.4354,15.0001,28462695,664152858.0,14831520000.0,4424970000.0
507,22.99,23.64,22.7,23.52,22.83,0.16,0.7008,13.0333,24730709,571090471.0,14621640000.0,4362352500.0
508,22.83,23.19,22.04,22.31,22.59,0.24,1.0624,10.3194,19581107,442208492.0,14519880000.0,4331992500.0
509,22.59,23.5,22.06,23.3,24.23,-1.64,-6.7685,15.8094,29998336,683830707.0,14367240000.0,4286452500.0
510,24.23,24.33,22.48,22.52,23.28,0.95,4.0808,14.4136,27349811,639427269.0,15410280000.0,4597642500.0
511,23.28,24.17,23.1,23.81,22.78,0.5,2.1949,13.1474,24947221,590895445.0,14806080000.0,4417380000.0
512,22.78,23.88,21.88,22.01,22.49,0.29,1.2895,14.7123,27916610,637123649.0,14488080000.0,4322505000.0
513,22.49,23.78,22.33,22.99,24.08,-1.59,-6.603,14.3419,27213698,624233741.0,14303640000.0,4267477500.0
514,24.08,25.37,23.3,24.0,24.43,-0.35,-1.4327,26.0343,49400091,1207146641.0,15314880000.0,4569180000.0
515,24.43,24.43,21.9,22.21,22.21,2.22,9.9955,23.3602,44325913,1027541294.0,15537480000.0,4635592500.0
516,22.21,23.86,22.1,22.8,22.13,0.08,0.3615,24.3491,46202346,1071916507.0,14125560000.0,4214347500.0
517,22.13,22.22,20.65,20.9,20.79,1.34,6.4454,17.0194,32294358,692952624.0,14074680000.0,4199167500.0
518,20.79,20.87,19.62,19.8,20.35,0.44,2.1622,12.2449,23234622,471358553.0,13222440000.0,3944902500.0
519,20.35,20.5,19.2,19.48,19.11,1.24,6.4887,13.6414,25884491,520053516.0,12942600000.0,3861412500.0
520,19.11,20.5,18.57,19.9,20.49,-1.38,-6.735,11.7362,22269460,434381120.0,12153960000.0,3626122500.0
521,20.49,21.16,19.59,20.98,20.82,-0.33,-1.585,10.9495,20776700,422782108.0,13031640000.0,3887977500.0
522,20.82,22.8,20.5,22.14,22.15,-1.33,-6.0045,19.3326,36683630,802830748.0,13241520000.0,3950595000.0
523,22.15,23.95,21.37,21.92,22.16,-0.01,-0.0451,21.81,41384543,931681747.0,14087400000.0,4202962500.0
524,22.16,22.37,20.8,21.05,21.37,0.79,3.6968,17.8005,33776426,735561803.0,14093760000.0,4204860000.0
525,21.37,21.45,20.96,21.15,21.29,0.08,0.3758,8.6265,16368724,347764929.0,13591320000.0,4054957500.0
526,21.29,22.37,20.95,22.37,21.74,-0.45,-2.0699,9.0285,17131559,371597110.0,13540440000.0,4039777500.0
527,21.74,22.6,21.7,22.22,22.34,-0.6,-2.6858,11.019,20908500,463380118.0,13826640000.0,4125165000.0
528,22.34,22.84,21.1,21.11,22.0,0.34,1.5455,13.5145,25643685,563011178.0,14208240000.0,4239015000.0
529,22.0,22.98,19.86,21.0,21.22,0.78,3.6758,14.5205,27552601,583311372.0,13992000000.0,4174500000.0
530,21.22,21.22,20.68,21.0,19.29,1.93,10.0052,9.0096,17095753,361742601.0,13495920000.0,4026495000.0
531,19.29,19.8,18.72,18.76,18.19,1.1,6.0473,9.8676,18723780,361621744.0,12268440000.0,3660277500.0
532,18.19,18.94,18.1,18.25,17.65,0.54,3.0595,5.7259,10864802,199949633.0,11568840000.0,3451552500.0
533,17.65,17.97,16.86,17.44,17.5,0.15,0.8571,4.145,7865127,138152163.0,11225400000.0,3349087500.0
534,17.5,17.68,17.21,17.28,17.09,0.41,2.3991,3.839,7284494,126686751.0,11130000000.0,3320625000.0
535,17.09,17.71,16.71,16.85,16.99,0.1,0.5886,4.4689,8479790,146110219.0,10869240000.0,3242827500.0
536,16.99,17.36,15.8,16.4,16.8,0.19,1.131,5.5832,10594083,175807600.0,10805640000.0,3223852500.0
537,16.8,18.53,16.8,18.12,18.67,-1.87,-10.0161,5.6994,10814611,190937230.0,10684800000.0,3187800000.0
538,18.67,19.8,17.9,19.6,19.49,-0.82,-4.2073,6.5322,12394870,232401457.0,11874120000.0,3542632500.0
539,19.49,20.81,18.3,20.12,20.08,-0.59,-2.9382,9.6402,18292341,361124301.0,12395640000.0,3698227500.0
540,20.08,20.33,19.81,19.81,20.07,0.01,0.0498,4.8483,9199594,184554576.0,12770880000.0,3810180000.0
541,20.07,20.14,18.8,19.49,20.01,0.06,0.2999,5.8918,11179637,218019281.0,12764520000.0,3808282500.0
542,20.01,21.45,19.9,20.7,20.56,-0.55,-2.6751,13.3273,16792450,350398720.0,12726360000.0,2521260000.0
543,20.56,21.31,19.06,19.25,19.45,1.11,5.7069,12.247,15431258,309963737.0,13076160000.0,2590560000.0
544,19.45,19.49,18.5,18.68,19.15,0.3,1.5666,9.1962,11587216,220829703.0,12370200000.0,2450700000.0
545,19.15,19.58,17.6,17.77,18.33,0.82,4.4735,9.6468,12155005,231134018.0,12179400000.0,2412900000.0
546,18.33,19.69,18.08,19.35,20.09,-1.76,-8.7606,11.219000000000001,14135976,266141147.0,11657880000.0,2309580000.0
547,20.09,20.2,18.01,18.7,19.88,0.21,1.0563,12.9891,16366226,313935536.0,12777240000.0,2531340000.0
548,19.88,21.98,19.84,20.88,22.04,-2.16,-9.8004,14.6376,18443325,383946275.0,12643680000.0,2504880000.0
549,22.04,23.2,22.04,23.0,24.49,-2.45,-10.0041,19.0893,24052541,534842907.0,14017440000.0,2777040000.0
550,24.49,25.62,23.23,23.44,24.17,0.32,1.324,29.2821,36895453,910446534.0,15575640000.0,3085740000.0
551,24.17,24.17,22.34,23.18,21.97,2.2,10.0137,27.2199,34297029,810905858.0,15372120000.0,3045420000.0
552,21.97,24.07,21.8,23.29,23.71,-1.74,-7.3387,7.8619,9906000,229595416.0,13972920000.0,2768220000.0
553,23.71,24.46,21.62,21.62,22.24,1.47,6.6097,29.7897,37534986,867809066.0,15079560000.0,2987460000.0
554,22.24,22.25,20.3,21.0,20.23,2.01,9.9357,19.5781,24668403,533614607.0,14144640000.0,2802240000.0
555,20.23,22.5,19.6,21.2,21.33,-1.1,-5.1571,10.529000000000002,13266547,286471618.0,12866280000.0,2548980000.0
556,21.33,21.86,21.09,21.6,21.97,-0.64,-2.9131,4.9668,6258156,135437186.0,13565880000.0,2687580000.0
557,21.97,21.99,21.41,21.51,21.76,0.21,0.9651,6.6097,8328191,180537861.0,13972920000.0,2768220000.0
558,21.76,21.88,20.8,21.0,21.2,0.56,2.6415,9.6864,12204891,260991435.0,13839360000.0,2741760000.0
559,21.2,22.3,21.11,22.08,22.31,-1.11,-4.9753,9.2927,11708790,255229559.0,13483200000.0,2671200000.0
560,22.31,22.98,21.95,22.88,22.78,-0.47,-2.0632,10.0545,12668621,283017953.0,14189160000.0,2811060000.0
561,22.78,22.81,22.2,22.34,22.47,0.31,1.3796,10.0939,12718349,287330760.0,14488080000.0,2870280000.0
562,22.47,22.97,22.04,22.39,22.71,-0.24,-1.0568,13.2917,16747495,376006653.0,14290920000.0,2831220000.0
563,22.71,23.46,22.42,23.28,22.91,-0.2,-0.873,14.2771,17989167,411592354.0,14443560000.0,2861460000.0
564,22.91,23.28,22.48,22.78,22.86,0.05,0.2187,15.4125,19419719,443620913.0,14570760000.0,2886660000.0
565,22.86,23.2,22.26,22.75,23.4,-0.54,-2.3077,22.1324,27886843,632478633.0,14538960000.0,2880360000.0
566,23.4,23.68,22.45,23.68,23.67,-0.27,-1.1407,29.9447,37730272,869968861.0,14882400000.0,2948400000.0
567,23.67,24.28,22.38,22.45,22.79,0.88,3.8613,32.4792,40923773,960407831.0,15054120000.0,2982420000.0
568,22.79,23.48,21.9,22.2,21.57,1.22,5.6560000000000015,35.4469,44663074,1003472984.0,14494440000.0,2871540000.0
569,21.57,21.57,19.5,19.67,19.61,1.96,9.9949,13.7541,17330214,363144504.0,13718520000.0,2717820000.0
570,19.61,19.86,18.49,18.87,19.03,0.58,3.0478,12.8687,16214623,313064154.0,12471960000.0,2470860000.0
571,19.03,19.45,18.9,19.01,19.45,-0.42,-2.1594,7.3995,9323352,178626532.0,12103080000.0,2397780000.0
572,19.45,19.85,18.61,18.71,18.87,0.58,3.0737,11.1952,14105983,273979463.0,12370200000.0,2450700000.0
573,18.87,19.31,18.63,18.8,19.41,-0.54,-2.7821,8.338,10505929,198407918.0,12001320000.0,2377620000.0
574,19.41,19.95,19.2,19.6,18.75,0.66,3.52,12.8833,16232989,316808371.0,12344760000.0,2445660000.0
575,18.75,19.29,18.67,19.0,18.67,0.08,0.4285,10.6824,13459826,255310340.0,11925000000.0,2362500000.0
576,18.67,18.8,17.91,18.11,18.47,0.2,1.0828,9.0122,11355432,209199387.0,11874120000.0,2352420000.0
577,18.47,18.65,17.85,18.31,18.69,-0.22,-1.1771,6.6501,8379089,152842102.0,11746920000.0,2327220000.0
578,18.69,19.05,18.3,18.39,18.23,0.46,2.5233,9.4025,11847136,221287983.0,11886840000.0,2354940000.0
579,18.23,18.71,17.5,18.6,18.82,-0.59,-3.135,11.0524,13926033,252897496.0,11594280000.0,2296980000.0
580,18.82,20.3,18.59,20.3,20.65,-1.83,-8.862,14.6078,18405799,358946178.0,11969520000.0,2371320000.0
581,20.65,21.16,19.81,19.9,20.53,0.12,0.5845,18.7018,23564326,481251683.0,13133400000.0,2601900000.0
582,20.53,21.25,20.51,20.7,19.82,0.71,3.5822,20.3304,25616322,532181887.0,13057080000.0,2586780000.0
583,19.82,19.85,19.2,19.37,19.68,0.14,0.7114,7.3992,9323007,181498513.0,12605520000.0,2497320000.0
584,19.68,20.09,19.62,19.97,20.34,-0.66,-3.2448,9.7445,12278077,242703722.0,12516480000.0,2479680000.0
585,20.34,20.66,19.95,20.49,20.13,0.21,1.0432,11.7141,14759802,299226488.0,12936240000.0,2562840000.0
586,20.13,20.19,19.71,20.05,19.8,0.33,1.6667,8.0799,10180642,203805267.0,12802680000.0,2536380000.0
587,19.8,20.29,19.61,20.1,20.52,-0.72,-3.5088,11.9089,15005189,298351713.0,12592800000.0,2494800000.0
588,20.52,21.38,20.5,20.7,21.32,-0.8,-3.7523,24.0793,30339909,631150150.0,13050720000.0,2585520000.0
589,21.32,21.32,20.18,20.3,19.38,1.94,10.0103,26.5083,33400506,693343651.0,13559520000.0,2686320000.0
590,19.38,20.3,19.21,20.06,20.61,-1.23,-5.968,15.3665,19361793,381190268.0,12325680000.0,2441880000.0
591,20.61,20.98,19.88,20.04,20.23,0.38,1.8784,19.4739,24537060,500736757.0,13107960000.0,2596860000.0
592,20.23,20.46,19.6,20.1,20.47,-0.24,-1.1724,18.7482,23622731,472654494.0,12866280000.0,2548980000.0
593,20.47,21.05,19.3,19.43,19.51,0.96,4.9206,23.9543,30182443,604729072.0,13018920000.0,2579220000.0
594,19.51,19.91,18.9,19.15,19.88,-0.37,-1.8612,18.2096,22944119,444033284.0,12408360000.0,2458260000.0
595,19.88,19.95,18.59,19.0,19.0,0.88,4.6316,21.59800000000001,27213418,523403765.0,12643680000.0,2504880000.0
596,19.0,19.53,18.05,18.37,18.54,0.46,2.4811,22.2815,28074726,531346540.0,12084000000.0,2394000000.0
597,18.54,18.63,17.64,17.71,18.03,0.51,2.8286,14.7215,18549140,338241438.0,11791440000.0,2336040000.0
598,18.03,18.15,17.4,17.5,17.49,0.54,3.0875,8.7997,11087634,197072119.0,11467080000.0,2271780000.0
599,17.49,17.99,17.19,17.39,17.93,-0.44,-2.454,7.2481,9132554,161241243.0,11123640000.0,2203740000.0
600,17.93,18.11,17.56,17.89,18.49,-0.56,-3.0287,11.5301,14527964,259236782.0,11403480000.0,2259180000.0
601,18.49,18.75,18.21,18.5,19.15,-0.66,-3.4465,14.5578,18342774,338563298.0,11759640000.0,2329740000.0
602,19.15,19.84,17.86,18.17,18.32,0.83,4.5306,21.6593,27290761,516906861.0,12179400000.0,2412900000.0
603,18.32,18.5,17.6,18.5,18.78,-0.46,-2.4494,10.5925,13346558,241599244.0,11651520000.0,2308320000.0
604,18.78,19.2,18.54,18.67,19.04,-0.26,-1.3655,14.8567,18719441,352787793.0,11944080000.0,2366280000.0
605,19.04,19.2,17.8,18.14,18.24,0.8,4.386,16.7821,21145424,389180612.0,12109440000.0,2399040000.0
606,18.24,18.29,17.54,17.66,18.04,0.2,1.1086,13.4854,16991583,304221567.0,11600640000.0,2298240000.0
607,18.04,19.2,17.25,18.76,18.61,-0.57,-3.0629,19.3692,24405165,449033249.0,11473440000.0,2273040000.0
608,18.61,18.67,18.01,18.36,18.61,0.0,0.0,12.8821,16231485,298109382.0,11835960000.0,2344860000.0
609,18.61,19.3,18.34,19.3,19.28,-0.67,-3.4751,17.250999999999998,21736297,406620721.0,11835960000.0,2344860000.0
610,19.28,19.32,18.51,18.8,19.14,0.14,0.7315,20.5623,25908507,486530328.0,12262080000.0,2429280000.0
611,19.14,19.2,18.49,18.9,18.1,1.04,5.7459,23.730999999999998,29901119,564185800.0,12173040000.0,2411640000.0
612,18.1,19.5,17.85,18.4,17.92,0.18,1.0045,24.5019,30872400,572247807.0,11511600000.0,2280600000.0
613,17.92,18.1,17.49,17.75,18.29,-0.37,-2.023,18.4809,23285877,414531743.0,11397120000.0,2257920000.0
614,18.29,18.29,16.64,16.8,16.63,1.66,9.982,23.2182,29254886,507882159.0,11632440000.0,2304540000.0
615,16.63,17.1,15.45,15.71,15.85,0.78,4.9211,20.5889,25942001,419236565.0,10576680000.0,2095380000.0
616,15.85,15.94,15.49,15.94,15.12,0.73,4.828,13.8098,17400383,273178104.0,10080600000.0,1997100000.0
617,15.12,15.5,14.93,14.95,15.04,0.08,0.5319,8.8445,11144103,169786056.0,9616320000.0,1905120000.0
618,15.04,15.28,14.76,15.01,15.67,-0.63,-4.0204,10.5629,13309271,199986746.0,9565440000.0,1895040000.0
619,15.67,15.75,14.71,15.49,16.19,-0.52,-3.2119,17.5859,22158270,337743839.0,9966120000.0,1974420000.0
620,16.19,17.13,16.01,16.52,15.57,0.62,3.982,26.1146,32904402,545094860.0,10296840000.0,2039940000.0
621,15.57,15.84,15.27,15.31,15.16,0.41,2.7045,12.1355,15290705,237082971.0,9902520000.0,1961820000.0
622,15.16,15.42,14.87,15.38,15.96,-0.8,-5.0125,14.5239,18300084,277120958.0,9641760000.0,1910160000.0
623,15.96,16.48,15.51,15.9,16.23,-0.27,-1.6636,17.8228,22456754,357976817.0,10150560000.0,2010960000.0
624,16.23,16.47,15.62,15.65,15.83,0.4,2.5268,16.9323,21334640,342922867.0,10322280000.0,2044980000.0
625,15.83,16.59,15.48,16.0,15.56,0.27,1.7352,20.7018,26084287,418207388.0,10067880000.0,1994580000.0
626,15.56,16.55,15.25,15.62,15.25,0.31,2.0328,26.1299,32923695,522327730.0,9896160000.0,1960560000.0
627,15.25,15.8,13.69,13.8,14.38,0.87,6.0501,19.12,24091201,350947468.0,9699000000.0,1921500000.0
628,14.38,15.4,14.38,15.2,15.98,-1.6,-10.0125,13.9065,17522246,257357126.0,9145680000.0,1811880000.0
629,15.98,16.27,14.68,15.01,14.97,1.01,6.7468,26.3287,33174160,517564469.0,10163280000.0,2013480000.0
630,14.97,15.45,14.57,15.23,14.99,-0.02,-0.1334,10.5285,13265861,198804237.0,9520920000.0,1886220000.0
631,14.99,15.8,14.88,15.28,16.17,-1.18,-7.2975,18.1336,22848328,349723538.0,9533640000.0,1888740000.0
632,16.17,16.22,14.8,14.98,14.85,1.32,8.8889,17.85,22491028,345840108.0,10284120000.0,2037420000.0
633,14.85,15.1,13.52,14.3,14.67,0.18,1.227,14.6477,18456050,262342734.0,9444600000.0,1871100000.0
634,14.67,16.34,14.5,15.0,15.85,-1.18,-7.4448,17.018,21442734,330865447.0,9330120000.0,1848420000.0
635,15.85,17.4,15.85,15.85,17.61,-1.76,-9.9943,19.0284,23975768,388304720.0,10080600000.0,1997100000.0
636,17.61,18.03,16.6,17.03,16.76,0.85,5.0716,25.7911,32496846,568173100.0,11199960000.0,2218860000.0
637,16.76,17.7,16.5,17.35,17.92,-1.16,-6.4732,17.4972,22046505,375045854.0,10659360000.0,2111760000.0
638,17.92,17.92,15.37,16.0,16.29,1.63,10.0061,30.763,38761415,649291066.0,11397120000.0,2257920000.0
639,16.29,17.8,16.06,16.88,17.84,-1.55,-8.6883,28.7319,36202244,595127754.0,10360440000.0,2052540000.0
640,17.84,20.3,17.84,18.0,19.82,-1.98,-9.9899,34.8972,43970504,808173154.0,11346240000.0,2247840000.0
641,19.82,23.28,19.82,20.8,22.02,-2.2,-9.9909,43.1882,54417177,1199372514.0,12605520000.0,2497320000.0
642,22.02,23.07,18.89,19.11,20.99,1.03,4.9071,47.0908,59334408,1261697655.0,14004720000.0,2774520000.0
643,20.99,22.39,20.38,21.39,20.35,0.64,3.145,44.4665,56027757,1215396956.0,13349640000.0,2644740000.0
644,20.35,20.35,18.94,18.95,18.5,1.85,10.0,29.866,37631222,752609520.0,12942600000.0,2564100000.0
645,18.5,18.66,16.63,17.28,18.48,0.02,0.1082,23.511,29623866,516211425.0,11766000000.0,2331000000.0
646,18.48,20.52,18.48,20.52,20.53,-2.05,-9.9854,22.6383,28524292,553123423.0,11753280000.0,2328480000.0
647,20.53,21.6,20.12,20.16,20.57,-0.04,-0.1945,27.6723,34867119,728331181.0,13057080000.0,2586780000.0
648,20.57,22.36,20.18,20.72,21.6,-1.03,-4.7685,37.0516,46685072,979987354.0,13082520000.0,2591820000.0
649,21.6,21.6,20.05,20.4,19.64,1.96,9.9796,41.7511,52606438,1101096831.0,13737600000.0,2721600000.0
650,19.64,19.64,17.76,18.5,17.85,1.79,10.028,33.3787,42057211,784008305.0,12491040000.0,2474640000.0
651,17.85,17.85,16.08,16.16,16.23,1.62,9.9815,22.6219,28503609,491931582.0,11352600000.0,2249100000.0
652,16.23,16.35,15.4,15.41,15.51,0.72,4.6422,12.783,16106640,255909378.0,10322280000.0,2044980000.0
653,15.51,15.69,15.18,15.57,15.4,0.11,0.7143,11.4234,14393474,222176955.0,9864360000.0,1954260000.0
654,15.4,15.52,14.2,14.29,14.61,0.79,5.4073,10.033,12641583,188514832.0,9794400000.0,1940400000.0
655,14.61,14.8,14.17,14.51,14.54,0.07,0.4814,7.1065,8954163,130108736.0,9291960000.0,1840860000.0
656,14.54,14.58,13.55,13.68,13.74,0.8,5.8224,6.2582,7885271,112235976.0,9247440000.0,1832040000.0
657,13.74,14.19,13.0,13.5,14.2,-0.46,-3.2394,4.6739999999999995,5889212,80177040.0,8738640000.0,1731240000.0
658,14.2,14.74,13.85,14.21,14.71,-0.51,-3.467,5.9728,7525698,107439453.0,9031200000.0,1789200000.0
659,14.71,15.56,14.4,14.6,14.7,0.01,0.068,11.2254,14143993,212501544.0,9355560000.0,1853460000.0
660,14.7,14.8,13.5,14.15,13.85,0.85,6.1372,8.4546,10652800,149827809.0,9349200000.0,1852200000.0
661,13.85,14.45,13.19,13.6,14.65,-0.8,-5.4608,10.3287,13014141,179022375.0,8808600000.0,1745100000.0
662,14.65,16.5,14.65,15.74,16.28,-1.63,-10.0123,11.2213,14138792,221906514.0,9317400000.0,1845900000.0
663,16.28,17.27,15.82,16.06,16.21,0.07,0.4318,18.0901,22793523,374703561.0,10354080000.0,2051280000.0
664,16.21,16.3,15.14,15.29,15.25,0.96,6.2951,14.5367,18316270,289700093.0,10309560000.0,2042460000.0
665,15.25,15.62,14.76,15.3,15.6,-0.35,-2.2436,8.2572,10404072,158634501.0,9699000000.0,1921500000.0
666,15.6,16.0,14.55,14.9,15.27,0.33,2.1611,10.5547,13298971,203281370.0,9921600000.0,1965600000.0
667,15.27,15.97,15.0,15.2,15.16,0.11,0.7256,9.2314,11631576,179088259.0,9711720000.0,1924020000.0
668,15.16,15.44,14.1,14.3,14.4,0.76,5.2778,8.3233,10487301,157403438.0,9641760000.0,1910160000.0
669,14.4,14.99,12.89,13.33,14.14,0.26,1.8388,7.8523,9893863,138980712.0,9158400000.0,1814400000.0
670,14.14,15.5,14.14,15.02,15.71,-1.57,-9.9936,7.6026,9579259,139913418.0,8993040000.0,1781640000.0
671,15.71,16.32,14.51,15.2,15.02,0.69,4.5939,15.9457,20091589,313276420.0,9991560000.0,1979460000.0
672,15.02,15.02,14.26,14.58,13.65,1.37,10.0366,11.2022,14114800,209082057.0,9552720000.0,1892520000.0
673,13.65,13.65,12.66,13.3,12.41,1.24,9.9919,5.7089,7193256,96916373.0,8681400000.0,1719900000.0
674,12.41,12.41,10.55,10.55,11.28,1.13,10.0177,8.9245,11244911,134471247.0,7892760000.0,1563660000.0
675,11.28,11.76,11.28,11.28,12.53,-1.25,-9.9761,6.2797,7912430,89411924.0,7174080000.0,1421280000.0
676,12.53,14.0,12.53,13.45,13.92,-1.39,-9.9856,8.6971,10958358,141067243.0,7969080000.0,1578780000.0
677,13.92,14.78,12.4,14.78,13.44,0.48,3.5714,11.0421,13913026,193630888.0,8853120000.0,1753920000.0
678,13.44,15.36,13.44,14.35,14.93,-1.49,-9.9799,10.0826,12704130,175731565.0,8547840000.0,1693440000.0
679,14.93,16.83,14.93,16.5,16.58,-1.65,-9.9517,7.7485,9763114,154607469.0,9495480000.0,1881180000.0
680,16.58,18.69,16.56,18.1,18.38,-1.8,-9.7933,8.4566,10655264,191215414.0,10544880000.0,2089080000.0
681,18.38,18.5,15.66,17.77,17.39,0.99,5.6929,10.4146,13122438,223379144.0,11689680000.0,2315880000.0
682,17.39,20.29,17.36,20.0,19.29,-1.9,-9.8497,8.7198,10986925,201084024.0,11060040000.0,2191140000.0
683,19.29,20.88,19.29,20.88,21.43,-2.14,-9.986,6.8082,8578341,169962901.0,12268440000.0,2430540000.0
684,21.43,23.31,21.0,23.31,23.18,-1.75,-7.5496,6.4287,8100135,181067645.0,13629480000.0,2700180000.0
685,23.2,23.28,22.28,22.8,22.47,0.73,3.2488,7.2327,9113206,209211876.0,14755200000.0,2923200000.0
686,22.47,23.21,20.9,22.4,23.22,-0.75,-3.23,8.8001,11088137,243470163.0,14290920000.0,2831220000.0
687,23.22,26.36,23.22,25.51,25.8,-2.58,-10.0,8.722000000000001,10989694,273353900.0,14767920000.0,2925720000.0
688,25.8,26.88,25.76,26.32,26.09,-0.29,-1.1115,8.7518,11027243,291181814.0,16408800000.0,3250800000.0
689,26.09,26.21,25.4,25.7,25.69,0.4,1.557,6.7589,8516242,220043149.0,16593240000.0,3287340000.0
690,25.69,26.5,25.5,26.29,26.91,-1.22,-4.5336,8.8425,11141583,289547222.0,16338840000.0,3236940000.0
691,26.91,28.19,25.99,27.08,27.51,-0.6,-2.181,12.8022,16130721,437038305.0,17114760000.0,3390660000.0
692,27.51,28.49,27.0,28.49,28.49,-0.98,-3.4398,13.0557,16450170,454233064.0,17496360000.0,3466260000.0
693,28.49,29.49,28.19,28.3,28.02,0.47,1.6774,15.2391,19201235,552080016.0,18119640000.0,3589740000.0
694,28.02,28.68,27.32,27.52,28.18,-0.16,-0.5678,16.2448,20468391,577221015.0,17820720000.0,3530520000.0
695,28.18,28.35,26.23,26.74,26.74,1.44,5.3852,15.659,19730339,543609827.0,17922480000.0,3550680000.0
696,26.74,27.61,26.35,27.61,27.69,-0.95,-3.4308,10.1927,12842850,345906508.0,17006640000.0,3369240000.0
697,27.69,28.16,26.43,26.43,26.29,1.4,5.3252,14.9778,18872039,518568845.0,17610840000.0,3488940000.0
698,26.29,27.09,24.6,27.09,27.16,-0.87,-3.2032,12.383,15602612,403021465.0,16720440000.0,3312540000.0
699,27.16,28.06,26.72,28.06,28.08,-0.92,-3.2764,11.6251,14647636,399786469.0,17273760000.0,3422160000.0
700,28.08,29.09,27.5,28.77,28.55,-0.47,-1.6462,15.8551,19977440,563421646.0,17858880000.0,3538080000.0
701,28.55,28.58,26.0,27.33,27.32,1.23,4.5022,19.6983,24819887,681441002.0,18157800000.0,3597300000.0
702,27.32,29.0,25.48,27.12,28.31,-0.99,-3.497,23.8082,29998327,823588257.0,17375520000.0,3442320000.0
703,28.31,32.58,28.1,29.2,29.71,-1.4,-4.7122,35.2871,44461725,1368036676.0,18005160000.0,3567060000.0
704,29.71,30.49,27.4,27.89,27.72,1.99,7.1789,34.9935,44091855,1287294058.0,18895560000.0,3743460000.0
705,27.72,27.72,24.75,25.53,25.2,2.52,10.0,25.6406,32307218,841714839.0,17629920000.0,3492720000.0
706,25.2,25.78,24.6,24.85,24.13,1.07,4.4343,24.6275,31030638,776710825.0,16027200000.0,3175200000.0
707,24.13,24.33,22.94,22.95,22.75,1.38,6.0659,23.7741,29955312,713780306.0,15346680000.0,3040380000.0
708,22.75,23.0,22.29,22.4,22.71,0.04,0.1761,13.0956,16500491,373294650.0,14469000000.0,2866500000.0
709,22.71,23.65,22.68,22.9,23.38,-0.67,-2.8657,17.7124,22317663,514962944.0,14443560000.0,2861460000.0
710,23.38,23.96,22.65,23.08,23.1,0.28,1.2121,20.6315,25995745,606394952.0,14869680000.0,2945880000.0
711,23.1,23.5,20.9,21.38,21.69,1.41,6.5007,21.2008,26713022,598840663.0,14691600000.0,2910600000.0
712,21.69,22.83,21.65,22.0,22.38,-0.69,-3.0831,15.8006,19908726,442128868.0,13794840000.0,2732940000.0
713,22.38,22.5,21.0,21.8,21.03,1.35,6.4194,19.6122,24711340,537061835.0,14233680000.0,2819880000.0
714,21.03,22.85,20.99,21.16,21.08,-0.05,-0.2372,18.5911,23424838,512764670.0,13375080000.0,2649780000.0
715,21.08,21.21,20.61,20.71,20.97,0.11,0.5246,10.8752,13702702,286349097.0,13406880000.0,2656080000.0
716,20.97,21.19,20.12,20.22,19.85,1.12,5.6423,9.6774,12193471,252268927.0,13336920000.0,2642220000.0
717,19.85,19.95,19.11,19.11,19.06,0.79,4.1448,7.9802,10055111,195489312.0,12624600000.0,2501100000.0
718,19.06,20.23,19.05,19.83,19.83,-0.77,-3.883,7.8407,9879246,192216911.0,12122160000.0,2401560000.0
719,19.83,21.15,19.62,20.6,20.62,-0.79,-3.8312,8.1442,10261637,210696374.0,12611880000.0,2498580000.0
720,20.62,22.35,20.56,22.01,21.87,-1.25,-5.7156,10.8108,13621637,291280264.0,13114320000.0,2598120000.0
721,21.87,22.77,21.02,21.79,22.88,-1.01,-4.4143,14.829,18684517,406242268.0,13909320000.0,2755620000.0
722,22.88,25.43,22.84,24.99,24.67,-1.79,-7.2558,26.8033,33772200,801721449.0,14551680000.0,2882880000.0
723,24.67,24.67,22.56,23.0,22.43,2.24,9.9866,24.6943,31114801,746950209.0,15690120000.0,3108420000.0
724,22.43,22.46,20.8,21.61,21.39,1.04,4.8621,20.6114,25970395,567587346.0,14265480000.0,2826180000.0
725,21.39,21.81,20.8,21.05,21.05,0.34,1.6152,12.5911,15864786,336527934.0,13604040000.0,2695140000.0
726,21.05,21.84,20.79,21.82,21.79,-0.74,-3.3961,13.7193,17286361,365688161.0,13387800000.0,2652300000.0
727,21.79,22.68,21.4,22.0,22.45,-0.66,-2.9399,18.0779,22778175,497167218.0,13858440000.0,2745540000.0
728,22.45,23.12,22.03,22.1,22.45,0.0,0.0,18.24,22982436,518441220.0,14278200000.0,2828700000.0
729,22.45,23.3,21.32,22.0,22.96,-0.51,-2.2213,21.5698,27177993,606092425.0,14278200000.0,2828700000.0
730,22.96,23.06,20.0,21.84,20.96,2.0,9.542,41.0973,51782649,1133806793.0,14602560000.0,2892960000.0
731,20.96,20.96,18.55,18.75,19.05,1.91,10.0262,26.0077,32769673,653195163.0,13330560000.0,2640960000.0
732,19.05,19.5,17.32,17.7,18.25,0.8,4.3836,34.2651,43174075,792559025.0,12115800000.0,2400300000.0
733,18.25,18.52,16.6,16.61,16.84,1.41,8.3729,35.3802,44579069,794779393.0,11607000000.0,2299500000.0
734,16.84,16.9,16.45,16.9,16.9,-0.06,-0.355,12.5511,15814428,263895692.0,10710240000.0,2121840000.0
735,16.9,17.4,16.71,17.22,16.9,0.0,0.0,16.6514,20980724,355714938.0,10748400000.0,2129400000.0
736,16.9,16.98,15.76,15.96,16.0,0.9,5.625,18.4629,23263241,386400021.0,10748400000.0,2129400000.0
737,16.0,16.39,15.65,16.38,16.5,-0.5,-3.0303,12.0245,15150885,242678365.0,10176000000.0,2016000000.0
738,16.5,17.08,16.2,17.08,17.11,-0.61,-3.5652,19.605999999999998,24703544,409961203.0,10494000000.0,2079000000.0
739,17.11,17.34,16.1,16.24,15.93,1.18,7.4074,28.8027,36291373,606733842.0,10881960000.0,2155860000.0
740,15.93,15.98,15.75,15.82,16.02,-0.09,-0.5618,8.9471,11273318,178833589.0,10131480000.0,2007180000.0
741,16.02,16.29,15.81,16.15,15.83,0.19,1.2003,10.2939,12970279,207209883.0,10188720000.0,2018520000.0
742,15.83,15.96,15.62,15.64,15.64,0.19,1.2148,7.521,9476458,149842946.0,10067880000.0,1994580000.0
743,15.64,15.8,15.6,15.68,15.82,-0.18,-1.1378,8.596,10830948,169659847.0,9947040000.0,1970640000.0
744,15.82,15.9,15.57,15.9,16.15,-0.33,-2.0433,12.5964,15871442,249887013.0,10061520000.0,1993320000.0
745,16.15,16.73,16.14,16.4,16.17,-0.02,-0.1237,13.8291,17424644,285904375.0,10271400000.0,2034900000.0
746,16.17,16.24,15.83,16.0,16.08,0.09,0.5597,12.4925,15740543,252463644.0,10284120000.0,2037420000.0
747,16.08,16.29,15.8,16.09,16.43,-0.35,-2.1302,17.2661,21755280,348495639.0,10226880000.0,2026080000.0
748,16.43,16.81,15.7,15.9,16.04,0.39,2.4314,28.5233,35939419,585958501.0,10449480000.0,2070180000.0
749,16.04,16.22,15.81,16.1,15.85,0.19,1.1987,16.9249,21325333,341255925.0,10201440000.0,2021040000.0
750,15.85,16.78,15.66,16.78,16.32,-0.47,-2.8799,30.5949,38549584,615680741.0,10080600000.0,1997100000.0
751,16.32,16.32,15.28,15.28,14.84,1.48,9.973,24.0066,30248303,485167241.0,10379520000.0,2056320000.0
752,14.84,14.88,14.5,14.58,14.65,0.19,1.2969,10.6767,13452649,198435845.0,9438240000.0,1869840000.0
753,14.65,14.75,14.44,14.6,14.59,0.06,0.4112,10.7039,13486957,196546440.0,9317400000.0,1845900000.0
754,14.59,14.79,14.13,14.18,14.13,0.46,3.2555,11.0393,13909463,200897823.0,9279240000.0,1838340000.0
755,14.13,14.24,13.98,14.1,14.14,-0.01,-0.0707,6.6427,8369739,117930658.0,8986680000.0,1780380000.0
756,14.14,14.15,13.7,13.85,13.87,0.27,1.9466,8.4258,10616524,147642524.0,8993040000.0,1781640000.0
757,13.87,14.18,13.83,14.18,14.19,-0.32,-2.2551,7.9712,10043769,140461746.0,8821320000.0,1747620000.0
758,14.19,14.41,14.05,14.12,14.25,-0.06,-0.4211,6.4193,8088317,114916579.0,9024840000.0,1787940000.0
759,14.25,14.5,14.0,14.5,14.88,-0.63,-4.2339,11.3487,14299373,202374312.0,9063000000.0,1795500000.0
760,14.88,15.1,14.6,14.68,14.72,0.16,1.087,10.7186,13505401,200512144.0,9463680000.0,1874880000.0
761,14.72,14.81,14.61,14.8,14.88,-0.16,-1.0753,8.6778,10934070,160334757.0,9361920000.0,1854720000.0
762,14.88,14.96,14.7,14.79,14.84,0.04,0.2695,8.1108,10219573,151686842.0,9463680000.0,1874880000.0
763,14.84,15.2,14.82,15.19,15.29,-0.45,-2.9431,15.4135,19421041,289934733.0,9438240000.0,1869840000.0
764,15.29,15.43,15.0,15.23,15.24,0.05,0.3281,14.2095,17904020,272791504.0,9724440000.0,1926540000.0
765,15.24,15.6,14.74,14.96,15.09,0.15,0.994,17.8726,22519506,341515787.0,9692640000.0,1920240000.0
766,15.09,15.1,14.71,14.75,14.77,0.32,2.1666,14.7814,18624592,277776809.0,9597240000.0,1901340000.0
767,14.77,15.2,14.6,15.1,15.51,-0.74,-4.7711,18.4527,23250437,345015399.0,9393720000.0,1861020000.0
768,15.51,16.08,15.38,15.73,15.86,-0.35,-2.2068,22.4159,28243999,441684623.0,9864360000.0,1954260000.0
769,15.86,16.83,15.73,16.51,16.68,-0.82,-4.9161,28.9887,36525768,584680275.0,10086960000.0,1998360000.0
770,16.68,16.96,16.25,16.31,16.81,-0.13,-0.7733,31.1142,39203875,648516175.0,10608480000.0,2101680000.0
771,16.81,18.09,16.54,17.55,16.52,0.29,1.7554,52.6005,66276668,1140555273.0,10691160000.0,2118060000.0
772,16.52,16.52,14.65,14.65,15.02,1.5,9.9867,33.1921,41822004,669158134.0,10506720000.0,2081520000.0
773,15.02,16.23,14.51,14.81,16.12,-1.1,-6.8238,58.63800000000001,73883841,1121846884.0,9552720000.0,1892520000.0
774,16.12,16.12,13.35,14.44,14.65,1.47,10.0341,80.8784,101906762,1517719113.0,10252320000.0,2031120000.0
775,14.65,14.65,14.65,14.65,13.32,1.33,9.985,14.9168,18795214,275349885.0,9317400000.0,1845900000.0
776,13.32,13.32,13.32,13.32,12.11,1.21,9.9917,0.4104,517090,6887639.0,8471520000.0,1678320000.0
777,12.11,12.11,12.11,12.11,11.01,1.1,9.9909,0.1941,244510,2961016.0,7701960000.0,1525860000.0
778,11.01,11.01,11.01,11.01,10.01,1.0,9.99,0.2095,264000,2906640.0,7002360000.0,1387260000.0
779,10.01,10.01,10.01,10.01,9.1,0.91,10.0,0.2886,363650,3640137.0,6366360000.0,1261260000.0
780,9.1,9.1,9.1,9.1,8.27,0.83,10.0363,0.2052,258550,2352805.0,5787600000.0,1146600000.0
781,8.27,8.27,8.27,8.27,7.52,0.75,9.9734,0.121,152500,1261175.0,5259720000.0,1042020000.0
782,7.52,7.52,7.52,7.52,6.84,0.68,9.9415,0.0706,88900,668528.0,4782720000.0,947520000.0
783,6.84,6.84,6.84,6.84,6.22,0.62,9.9678,0.0359,45200,309168.0,4350240000.0,861840000.0
784,6.22,6.22,6.22,6.22,5.65,0.57,10.0885,0.0214,27000,167940.0,3955920000.0,783720000.0
785,5.65,5.65,5.65,5.65,5.14,0.51,9.9222,0.0377,47521,268494.0,3593400000.0,711900000.0
786,5.14,5.14,4.28,4.28,3.57,1.57,43.9776,0.102,128500,658770.0,3269040000.0,647640000.0
