,code,name,area
0,600284,浦东建设,上海
1,300336,新文化,上海
2,603918,金桥信息,上海
3,601211,国泰君安,上海
4,300008,天海防务,上海
5,600635,大众公用,上海
6,002184,海得控制,上海
7,600818,中路股份,上海
8,600695,绿庭投资,上海
9,300590,移为通信,上海
10,300126,锐奇股份,上海
11,600626,申达股份,上海
12,603496,恒为科技,上海
13,603330,上海天洋,上海
14,002454,松芝股份,上海
15,600826,兰生股份,上海
16,300642,透景生命,上海
17,300236,上海新阳,上海
18,300627,华测导航,上海
19,600606,绿地控股,上海
20,603329,上海雅仕,上海
21,603039,泛微网络,上海
22,300222,科大智能,上海
23,600613,神奇制药,上海
24,600819,耀皮玻璃,上海
25,603197,保隆科技,上海
26,300074,华平股份,上海
27,600653,申华控股,上海
28,600601,方正科技,上海
29,600150,*ST船舶,上海
30,002346,柘中股份,上海
31,603226,菲林格尔,上海
32,603515,欧普照明,上海
33,600026,中远海能,上海
34,300180,华峰超纤,上海
35,300511,雪榕生物,上海
36,600637,东方明珠,上海
37,600602,云赛智联,上海
38,600073,上海梅林,上海
39,601872,招商轮船,上海
40,601200,上海环境,上海
41,002706,良信电器,上海
42,603020,爱普股份,上海
43,603633,徕木股份,上海
44,603030,全筑股份,上海
45,600835,上海机电,上海
46,002568,百润股份,上海
47,603056,德邦股份,上海
48,603003,龙宇燃油,上海
49,300483,沃施股份,上海
50,601788,光大证券,上海
51,002178,延华智能,上海
52,600708,光明地产,上海
53,600517,置信电气,上海
54,000668,荣丰控股,上海
55,600508,上海能源,上海
56,600833,第一医药,上海
57,600676,交运股份,上海
58,603868,飞科电器,上海
59,600018,上港集团,上海
60,601021,春秋航空,上海
61,600629,华建集团,上海
62,603729,龙韵股份,上海
63,300286,安科瑞,上海
64,002401,中远海科,上海
65,000863,三湘印象,上海
66,300469,信息发展,上海
67,600647,同达创业,上海
68,600655,豫园股份,上海
69,600500,中化国际,上海
70,600597,光明乳业,上海
71,603466,风语筑,上海
72,600836,界龙实业,上海
73,600816,安信信托,上海
74,600641,万业企业,上海
75,600532,宏达矿业,上海
76,600838,上海九百,上海
77,603648,畅联股份,上海
78,600622,光大嘉宝,上海
79,600019,宝钢股份,上海
80,603580,艾艾精工,上海
81,603012,创力集团,上海
82,300225,金力泰,上海
83,603619,中曼石油,上海
84,002278,神开股份,上海
85,600619,海立股份,上海
86,300398,飞凯材料,上海
87,300326,凯利泰,上海
88,600278,东方创业,上海
89,300327,中颖电子,上海
90,300061,康旗股份,上海
91,603159,上海亚虹,上海
92,603659,璞泰来,上海
93,600618,氯碱化工,上海
94,300272,开能健康,上海
95,601968,宝钢包装,上海
96,002162,悦心健康,上海
97,601616,广电电气,上海
98,600822,上海物贸,上海
99,603378,亚士创能,上海
100,600732,ST新梅,上海
101,600837,海通证券,上海
102,600170,上海建工,上海
103,002825,纳尔股份,上海
104,300613,富瀚微,上海
105,300262,巴安水务,上海
106,600846,同济科技,上海
107,600827,百联股份,上海
108,002195,二三四五,上海
109,601328,交通银行,上海
110,600621,华鑫股份,上海
111,603579,荣泰健康,上海
112,600754,锦江股份,上海
113,002486,嘉麟杰,上海
114,600000,浦发银行,上海
115,600636,三爱富,上海
116,600119,长江投资,上海
117,300508,维宏股份,上海
118,600692,亚通股份,上海
119,600623,华谊集团,上海
120,600679,上海凤凰,上海
121,603881,数据港,上海
122,603189,网达软件,上海
123,600696,ST岩石,上海
124,300226,上海钢联,上海
125,603855,华荣股份,上海
126,603899,晨光文具,上海
127,600021,上海电力,上海
128,600210,紫江企业,上海
129,603214,爱婴室,上海
130,300129,泰胜风能,上海
131,600851,海欣股份,上海
132,600882,广泽股份,上海
133,603083,剑桥科技,上海
134,600652,游久游戏,上海
135,600088,中视传媒,上海
136,600615,丰华股份,上海
137,002158,汉钟精机,上海
138,603713,密尔克卫,上海
139,600649,城投控股,上海
140,603499,翔港科技,上海
141,300067,安诺其,上海
142,603009,北特科技,上海
143,002022,科华生物,上海
144,002328,新朋股份,上海
145,300170,汉得信息,上海
146,603006,联明股份,上海
147,603718,海利生物,上海
148,600767,ST运盛,上海
149,300039,上海凯宝,上海
150,603683,晶华新材,上海
151,600081,东风科技,上海
152,603037,凯众股份,上海
153,600605,汇通能源,上海
154,600651,飞乐音响,上海
155,601595,上海电影,上海
156,600530,交大昂立,上海
157,600663,陆家嘴,上海
158,600624,复旦复华,上海
159,002028,思源电气,上海
160,603108,润达医疗,上海
161,300017,网宿科技,上海
162,600604,市北高新,上海
163,600665,天地源,上海
164,600610,*ST毅达,上海
165,600825,新华传媒,上海
166,600094,大名城,上海
167,300578,会畅通讯,上海
168,603200,上海洗霸,上海
169,600420,现代制药,上海
170,600675,中华企业,上海
171,600630,龙头股份,上海
172,600895,张江高科,上海
173,300442,普丽盛,上海
174,300378,鼎捷软件,上海
175,603987,康德莱,上海
176,603887,城地股份,上海
177,601519,大智慧,上海
178,300171,东富龙,上海
179,600072,中船科技,上海
180,002636,金安国纪,上海
181,600628,新世界,上海
182,600824,益民集团,上海
183,600640,号百控股,上海
184,600151,航天机电,上海
185,600654,ST中安,上海
186,300551,古鳌科技,上海
187,603730,岱美股份,上海
188,600638,新黄浦,上海
189,600639,浦东金桥,上海
190,300462,华铭智能,上海
191,600958,东方证券,上海
192,002252,上海莱士,上海
193,600820,隧道股份,上海
194,603650,彤程新材,上海
195,002324,普利特,上海
196,603960,克来机电,上海
197,002605,姚记扑克,上海
198,600320,振华重工,上海
199,002561,徐家汇,上海
200,002527,新时达,上海
201,600841,上柴股份,上海
202,300245,天玑科技,上海
203,601828,美凯龙,上海
204,600634,*ST富控,上海
205,300380,安硕信息,上海
206,600823,世茂股份,上海
207,603232,格尔软件,上海
208,601866,中远海发,上海
209,600848,上海临港,上海
210,600844,丹化科技,上海
211,300230,永利股份,上海
212,603895,天永智能,上海
213,600689,上海三毛,上海
214,600614,鹏起科技,上海
215,300501,海顺新材,上海
216,600608,ST沪科,上海
217,603128,华贸物流,上海
218,600688,上海石化,上海
219,601607,上海医药,上海
220,601229,上海银行,上海
221,300493,润欣科技,上海
222,002669,康达新材,上海
223,603587,地素时尚,上海
224,300330,华虹计通,上海
225,600616,金枫酒业,上海
226,601611,中国核建,上海
227,600061,国投资本,上海
228,600748,上实发展,上海
229,002116,中国海诚,上海
230,603131,上海沪工,上海
231,600612,老凤祥,上海
232,603157,拉夏贝尔,上海
233,600171,上海贝岭,上海
234,600661,新南洋,上海
235,600272,开开实业,上海
236,600115,东方航空,上海
237,300153,科泰电源,上海
238,600104,上汽集团,上海
239,600315,上海家化,上海
240,603790,雅运股份,上海
241,600845,宝信软件,上海
242,002858,力盛赛车,上海
243,603690,至纯科技,上海
244,603991,至正股份,上海
245,002451,摩恩电气,上海
246,002269,美邦服饰,上海
247,603777,来伊份,上海
248,600680,*ST上普,上海
249,600490,鹏欣资源,上海
250,600648,外高桥,上海
251,600009,上海机场,上海
252,603192,汇得科技,上海
253,601727,上海电气,上海
254,600611,大众交通,上海
255,603886,元祖股份,上海
256,601231,环旭电子,上海
257,600741,华域汽车,上海
258,002058,威 尔 泰,上海
259,600850,华东电脑,上海
260,300168,万达信息,上海
261,600834,申通地铁,上海
262,002506,协鑫集成,上海
263,600843,上工申贝,上海
264,600097,开创国际,上海
265,603885,吉祥航空,上海
266,600662,强生控股,上海
267,603501,韦尔股份,上海
268,600193,*ST创兴,上海
269,300059,东方财富,上海
270,600196,复星医药,上海
271,002565,顺灏股份,上海
272,601601,中国太保,上海
273,600503,华丽家族,上海
274,603196,日播时尚,上海
275,603728,鸣志电器,上海
276,600620,天宸股份,上海
277,600650,锦江投资,上海
278,300253,卫宁健康,上海
279,603022,新通联,上海
280,300609,汇纳科技,上海
281,603365,水星家纺,上海
282,600643,爱建集团,上海
283,600642,申能股份,上海
284,600239,云南城投,云南
285,600497,驰宏锌锗,云南
286,600725,ST云维,云南
287,000667,美好置业,云南
288,002059,云南旅游,云南
289,600995,文山电力,云南
290,600792,云煤能源,云南
291,002033,丽江旅游,云南
292,002200,云投生态,云南
293,002812,创新股份,云南
294,300505,川金诺,云南
295,600883,博闻科技,云南
296,600096,云天化,云南
297,000948,南天信息,云南
298,600025,华能水电,云南
299,603963,大理药业,云南
300,002428,云南锗业,云南
301,000960,锡业股份,云南
302,002265,西仪股份,云南
303,600459,贵研铂业,云南
304,000807,云铝股份,云南
305,600422,昆药集团,云南
306,000560,我爱我家,云南
307,601099,太平洋,云南
308,002053,云南能投,云南
309,002114,罗平锌电,云南
310,000878,云南铜业,云南
311,600265,ST景谷,云南
312,000538,云南白药,云南
313,000903,云内动力,云南
314,002727,一心堂,云南
315,002750,龙津药业,云南
316,300142,沃森生物,云南
317,600201,生物股份,内蒙
318,600988,赤峰黄金,内蒙
319,300049,福瑞股份,内蒙
320,600111,北方稀土,内蒙
321,600295,鄂尔多斯,内蒙
322,300355,蒙草生态,内蒙
323,600328,兰太实业,内蒙
324,000426,兴业矿业,内蒙
325,600191,华资实业,内蒙
326,600291,西水股份,内蒙
327,002128,露天煤业,内蒙
328,600887,伊利股份,内蒙
329,600967,内蒙一机,内蒙
330,601216,君正集团,内蒙
331,600863,内蒙华电,内蒙
332,600277,亿利洁能,内蒙
333,000683,远兴能源,内蒙
334,600091,ST明科,内蒙
335,600010,包钢股份,内蒙
336,000780,平庄能源,内蒙
337,000975,银泰资源,内蒙
338,300239,东宝生物,内蒙
339,600262,北方股份,内蒙
340,000611,天首发展,内蒙
341,002688,金河生物,内蒙
342,002385,大北农,北京
343,600977,中国电影,北京
344,300034,钢研高纳,北京
345,300038,梅泰诺,北京
346,300309,吉艾科技,北京
347,600118,中国卫星,北京
348,300496,中科创达,北京
349,002780,三夫户外,北京
350,601600,中国铝业,北京
351,600410,华胜天成,北京
352,002878,元隆雅图,北京
353,603825,华扬联众,北京
354,300472,新元科技,北京
355,600085,同仁堂,北京
356,002771,真视通,北京
357,300449,汉邦高科,北京
358,300003,乐普医疗,北京
359,300156,神雾环保,北京
360,300612,宣亚国际,北京
361,300312,邦讯技术,北京
362,601111,中国国航,北京
363,600405,动力源,北京
364,601992,金隅集团,北京
365,600058,五矿发展,北京
366,000860,顺鑫农业,北京
367,600855,航天长峰,北京
368,002065,东华软件,北京
369,600270,外运发展,北京
370,000938,紫光股份,北京
371,601718,际华集团,北京
372,002829,星网宇达,北京
373,603871,嘉友国际,北京
374,300072,三聚环保,北京
375,601126,四方股份,北京
376,300073,当升科技,北京
377,000620,新华联,北京
378,601618,中国中冶,北京
379,601066,中信建投,北京
380,300456,耐威科技,北京
381,300541,先进数通,北京
382,600435,北方导航,北京
383,600288,大恒科技,北京
384,603859,能科股份,北京
385,600463,空港股份,北京
386,601186,中国铁建,北京
387,300282,三盛教育,北京
388,002306,*ST云网,北京
389,600886,国投电力,北京
390,002599,盛通股份,北京
391,300608,思特奇,北京
392,002649,博彦科技,北京
393,603603,博天环境,北京
394,600372,中航电子,北京
395,601398,工商银行,北京
396,300523,辰安科技,北京
397,000970,中科三环,北京
398,603903,中持股份,北京
399,600791,京能置业,北京
400,300344,太空智造,北京
401,300005,探路者,北京
402,300150,世纪瑞尔,北京
403,300055,万邦达,北京
404,603616,韩建河山,北京
405,000065,北方国际,北京
406,300139,晓程科技,北京
407,603986,兆易创新,北京
408,002368,太极股份,北京
409,300117,嘉寓股份,北京
410,300251,光线传媒,北京
411,002819,东方中科,北京
412,300485,赛升药业,北京
413,002383,合众思壮,北京
414,002038,双鹭药业,北京
415,300431,暴风集团,北京
416,002755,东方新星,北京
417,601016,节能风电,北京
418,000931,中 关 村,北京
419,600861,北京城乡,北京
420,300291,华录百纳,北京
421,000046,泛海控股,北京
422,600266,北京城建,北京
423,002658,雪迪龙,北京
424,000786,北新建材,北京
425,600299,安迪苏,北京
426,300593,新雷能,北京
427,300075,数字政通,北京
428,601908,京运通,北京
429,603970,中农立华,北京
430,300166,东方国信,北京
431,600206,有研新材,北京
432,300302,同有科技,北京
433,600008,首创股份,北京
434,600361,华联综超,北京
435,600007,中国国贸,北京
436,300058,蓝色光标,北京
437,300079,数码科技,北京
438,603698,航天工程,北京
439,300065,海兰信,北京
440,600258,首旅酒店,北京
441,300353,东土科技,北京
442,300365,恒华科技,北京
443,002148,北纬科技,北京
444,002701,奥瑞金,北京
445,300070,碧水源,北京
446,002310,东方园林,北京
447,600050,中国联通,北京
448,601886,江河集团,北京
449,000959,首钢股份,北京
450,603860,中公高科,北京
451,002467,二六三,北京
452,300048,合康新能,北京
453,300204,舒泰神,北京
454,300010,立思辰,北京
455,300318,博晖创新,北京
456,600485,信威集团,北京
457,002153,石基信息,北京
458,300231,银信科技,北京
459,601888,中国国旅,北京
460,300667,必创科技,北京
461,601088,中国神华,北京
462,603888,新华网,北京
463,600860,京城股份,北京
464,603818,曲美家居,北京
465,601858,中国科传,北京
466,300719,安达维尔,北京
467,300688,创业黑马,北京
468,600743,华远地产,北京
469,600429,三元股份,北京
470,300200,高盟新材,北京
471,300324,旋极信息,北京
472,300352,北信源,北京
473,002713,东易日盛,北京
474,002392,北京利尔,北京
475,600198,*ST大唐,北京
476,300182,捷成股份,北京
477,002739,万达电影,北京
478,601068,中铝国际,北京
479,600100,同方股份,北京
480,603979,金诚信,北京
481,600271,航天信息,北京
482,300383,光环新网,北京
483,601818,光大银行,北京
484,002462,嘉事堂,北京
485,002405,四维图新,北京
486,600031,三一重工,北京
487,002371,北方华创,北京
488,002738,中矿资源,北京
489,300213,佳讯飞鸿,北京
490,002612,朗姿股份,北京
491,000882,华联股份,北京
492,300662,科锐国际,北京
493,300430,诚益通,北京
494,600037,歌华有线,北京
495,300229,拓尔思,北京
496,600871,*ST油服,北京
497,600166,福田汽车,北京
498,002279,久其软件,北京
499,600764,中国海防,北京
500,601669,中国电建,北京
501,300445,康斯特,北京
502,600536,中国软件,北京
503,600733,S蓝谷,北京
504,300392,腾信股份,北京
505,600246,万通地产,北京
506,601288,农业银行,北京
507,300223,北京君正,北京
508,300374,恒通科技,北京
509,300296,利亚德,北京
510,002350,北京科锐,北京
511,300736,百邦科技,北京
512,603123,翠微股份,北京
513,300406,九强生物,北京
514,601117,中国化学,北京
515,600657,信达地产,北京
516,002066,瑞泰科技,北京
517,002051,中工国际,北京
518,600138,中青旅,北京
519,601101,昊华能源,北京
520,300364,中文在线,北京
521,000666,经纬纺机,北京
522,300513,恒泰实达,北京
523,300465,高伟达,北京
524,002186,全 聚 德,北京
525,600723,首商股份,北京
526,603590,康辰药业,北京
527,600195,中牧股份,北京
528,600386,北巴传媒,北京
529,600159,大龙地产,北京
530,600161,天坛生物,北京
531,000838,财信发展,北京
532,300369,绿盟科技,北京
533,300552,万集科技,北京
534,600588,用友网络,北京
535,603778,乾景园林,北京
536,603516,淳中科技,北京
537,600730,中国高科,北京
538,002642,荣之联,北京
539,601991,大唐发电,北京
540,600489,中金黄金,北京
541,600900,长江电力,北京
542,600240,华业资本,北京
543,300455,康拓红外,北京
544,300016,北陆药业,北京
545,600560,金自天正,北京
546,002665,首航节能,北京
547,600890,中房股份,北京
548,601939,建设银行,北京
549,002721,金一文化,北京
550,001965,招商公路,北京
551,000839,中信国安,北京
552,000605,渤海股份,北京
553,300002,神州泰岳,北京
554,300287,飞利信,北京
555,603098,森特股份,北京
556,601390,中国中铁,北京
557,002573,清新环境,北京
558,600313,农发种业,北京
559,300332,天壕环境,北京
560,601989,中国重工,北京
561,300663,科蓝软件,北京
562,000969,安泰科技,北京
563,603138,海量数据,北京
564,300045,华力创通,北京
565,300271,华宇软件,北京
566,600980,北矿科技,北京
567,300104,乐视网,北京
568,601558,ST锐电,北京
569,300386,飞天诚信,北京
570,002439,启明星辰,北京
571,002707,众信旅游,北京
572,300579,数字认证,北京
573,603533,掌阅科技,北京
574,600658,电子城,北京
575,601226,华电重工,北京
576,601881,中国银河,北京
577,002933,新兴装备,北京
578,002362,汉王科技,北京
579,601198,东兴证券,北京
580,000729,燕京啤酒,北京
581,300011,鼎汉技术,北京
582,000725,京东方Ａ,北京
583,603000,人民网,北京
584,600578,京能电力,北京
585,000609,中迪投资,北京
586,002542,中化岩土,北京
587,603025,大豪科技,北京
588,600511,国药股份,北京
589,000402,金 融 街,北京
590,002662,京威股份,北京
591,603803,瑞斯康达,北京
592,300477,合纵科技,北京
593,300399,京天利,北京
594,603569,长久物流,北京
595,300370,安控科技,北京
596,600028,中国石化,北京
597,603598,引力传媒,北京
598,300157,恒泰艾普,北京
599,300661,圣邦股份,北京
600,000151,中成股份,北京
601,601169,北京银行,北京
602,601766,中国中车,北京
603,601668,中国建筑,北京
604,300384,三联虹普,北京
605,300212,易华录,北京
606,002504,弘高创意,北京
607,603060,国检集团,北京
608,300071,华谊嘉信,北京
609,002373,千方科技,北京
610,600962,国投中鲁,北京
611,000758,中色股份,北京
612,600376,首开股份,北京
613,600016,民生银行,北京
614,603377,东方时尚,北京
615,601857,XD中国石,北京
616,600011,华能国际,北京
617,300684,中石科技,北京
618,300379,东方通,北京
619,300542,新晨科技,北京
620,300418,昆仑万维,北京
621,300289,利德曼,北京
622,601998,中信银行,北京
623,000603,盛达矿业,北京
624,300444,双杰电气,北京
625,601800,中国交建,北京
626,300191,潜能恒信,北京
627,000996,中国中期,北京
628,002657,中科金财,北京
629,600055,万东医疗,北京
630,300036,超图软件,北京
631,601898,中煤能源,北京
632,601988,中国银行,北京
633,601588,北辰实业,北京
634,600015,华夏银行,北京
635,000802,北京文化,北京
636,600859,王府井,北京
637,002554,惠博普,北京
638,002271,东方雨虹,北京
639,000008,神州高铁,北京
640,300367,东方网力,北京
641,002893,华通热力,北京
642,601628,中国人寿,北京
643,601336,新华保险,北京
644,603588,高能环境,北京
645,002151,北斗星通,北京
646,601949,中国出版,北京
647,600056,中国医药,北京
648,600582,天地科技,北京
649,002410,广联达,北京
650,000798,中水渔业,北京
651,300315,掌趣科技,北京
652,601985,中国核电,北京
653,600062,华润双鹤,北京
654,603127,昭衍新药,北京
655,300419,浩丰科技,北京
656,600856,中天能源,吉林
657,000631,顺发恒业,吉林
658,300396,迪瑞医疗,吉林
659,600365,通葡股份,吉林
660,000875,吉电股份,吉林
661,603559,中通国脉,吉林
662,002232,启明信息,吉林
663,600247,*ST成城,吉林
664,002566,益盛药业,吉林
665,600742,一汽富维,吉林
666,601929,吉视传媒,吉林
667,000686,东北证券,吉林
668,002501,利源精制,吉林
669,601518,吉林高速,吉林
670,000928,中钢国际,吉林
671,600148,长春一东,吉林
672,600189,吉林森工,吉林
673,000669,金鸿控股,吉林
674,600333,长春燃气,吉林
675,000766,通化金马,吉林
676,600881,亚泰集团,吉林
677,000661,长春高新,吉林
678,000030,富奥股份,吉林
679,000545,金浦钛业,吉林
680,600697,欧亚集团,吉林
681,002338,奥普光电,吉林
682,600110,诺德股份,吉林
683,300510,金冠股份,吉林
684,000420,吉林化纤,吉林
685,000623,吉林敖东,吉林
686,000546,金圆股份,吉林
687,600867,通化东宝,吉林
688,000718,苏宁环球,吉林
689,002118,紫鑫药业,吉林
690,000800,一汽轿车,吉林
691,603099,长白山,吉林
692,002622,融钰集团,吉林
693,300108,吉药控股,吉林
694,600360,华微电子,吉林
695,600215,长春经开,吉林
696,300597,吉大通信,吉林
697,300492,山鼎设计,四川
698,000935,四川双马,四川
699,601811,新华文轩,四川
700,002259,升达林业,四川
701,600466,蓝光发展,四川
702,002312,三泰控股,四川
703,600804,鹏博士,四川
704,000586,汇源通信,四川
705,300547,川环科技,四川
706,300022,吉峰科技,四川
707,300366,创意信息,四川
708,000628,高新发展,四川
709,600875,东方电气,四川
710,600378,天科股份,四川
711,600839,四川长虹,四川
712,000912,*ST天化,四川
713,300733,西菱动力,四川
714,002497,雅化集团,四川
715,300540,深冷股份,四川
716,000876,新 希 望,四川
717,600139,西部资源,四川
718,300535,达威股份,四川
719,002143,印纪传媒,四川
720,600828,茂业商业,四川
721,300463,迈克生物,四川
722,002023,海特高新,四川
723,603477,振静股份,四川
724,000790,泰合健康,四川
725,002258,利尔化学,四川
726,300471,厚普股份,四川
727,300362,天翔环境,四川
728,603027,千禾味业,四川
729,300696,爱乐达,四川
730,300425,环能科技,四川
731,000568,泸州老窖,四川
732,600331,宏达股份,四川
733,000710,贝瑞基因,四川
734,600353,旭光股份,四川
735,600131,岷江水电,四川
736,002777,久远银海,四川
737,002539,云图控股,四川
738,603679,华体科技,四川
739,300092,科新机电,四川
740,002935,天奥电子,四川
741,601838,成都银行,四川
742,600880,博瑞传播,四川
743,000803,*ST金宇,四川
744,300101,振芯科技,四川
745,300502,新易盛,四川
746,300249,依米康,四川
747,002749,国光股份,四川
748,300434,金石东方,四川
749,300678,中科信息,四川
750,300127,银河磁体,四川
751,002630,华西能源,四川
752,300019,硅宝科技,四川
753,300470,日机密封,四川
754,600702,舍得酒业,四川
755,002818,富森美,四川
756,000598,兴蓉环境,四川
757,600528,中铁工业,四川
758,600391,航发科技,四川
759,002190,成飞集成,四川
760,600674,川投能源,四川
761,002253,川大智胜,四川
762,000629,攀钢钒钛,四川
763,000593,大通燃气,四川
764,603809,豪能股份,四川
765,601107,四川成渝,四川
766,002651,利君股份,四川
767,600101,明星电力,四川
768,600979,广安爱众,四川
769,000801,四川九洲,四川
770,600678,四川金顶,四川
771,002268,卫 士 通,四川
772,300028,金亚科技,四川
773,002386,天原集团,四川
774,000858,五 粮 液,四川
775,002466,天齐锂业,四川
776,600438,通威股份,四川
777,000509,华塑控股,四川
778,002480,新筑股份,四川
779,000693,*ST华泽,四川
780,002628,成都路桥,四川
781,000888,峨眉山Ａ,四川
782,002366,台海核电,四川
783,000731,四川美丰,四川
784,600137,浪莎股份,四川
785,600039,四川路桥,四川
786,600779,水井坊,四川
787,300467,迅游科技,四川
788,601208,东材科技,四川
789,002246,北化股份,四川
790,600793,宜宾纸业,四川
791,000155,川化股份,四川
792,000510,金路集团,四川
793,002357,富临运业,四川
794,002926,华西证券,四川
795,002798,帝欧家居,四川
796,002697,红旗连锁,四川
797,600505,西昌电力,四川
798,600558,大西洋,四川
799,600644,乐山电力,四川
800,300432,富临精工,四川
801,603333,明星电缆,四川
802,600093,易见股份,四川
803,002773,康弘药业,四川
804,002272,川润股份,四川
805,600109,国金证券,四川
806,300440,运达科技,四川
807,000835,长城动漫,四川
808,300559,佳发教育,四川
809,000810,创维数字,四川
810,600321,*ST正源,四川
811,300504,天邑股份,四川
812,603077,和邦生物,四川
813,000757,浩物股份,四川
814,002422,科伦药业,四川
815,300414,中光防雷,四川
816,600603,广汇物流,四川
817,002820,桂发祥,天津
818,600751,海航科技,天津
819,600535,天士力,天津
820,600468,百利电气,天津
821,002887,绿茵生态,天津
822,002134,天津普林,天津
823,600787,中储股份,天津
824,600329,中新药业,天津
825,600583,海油工程,天津
826,300596,利安隆,天津
827,601919,中远海控,天津
828,000652,泰达股份,天津
829,600335,国机汽车,天津
830,000836,鑫茂科技,天津
831,300407,凯发电气,天津
832,603019,中科曙光,天津
833,603727,博迈科,天津
834,002510,天汽模,天津
835,000965,天保基建,天津
836,600488,天药股份,天津
837,603106,恒银金融,天津
838,300334,津膜科技,天津
839,600821,津劝业,天津
840,600322,天房发展,天津
841,000537,广宇发展,天津
842,002821,凯莱英,天津
843,002337,赛象科技,天津
844,000927,一汽夏利,天津
845,603096,新经典,天津
846,002393,力生制药,天津
847,600717,天津港,天津
848,600158,中体产业,天津
849,300375,鹏翎股份,天津
850,002129,中环股份,天津
851,300195,长荣股份,天津
852,603712,七一二,天津
853,601808,中海油服,天津
854,600800,天津磁卡,天津
855,300119,瑞普生物,天津
856,000695,滨海能源,天津
857,600874,创业环保,天津
858,603126,中材节能,天津
859,600082,海泰发展,天津
860,300120,经纬辉开,天津
861,002432,九安医疗,天津
862,603969,银龙股份,天津
863,600645,中源协和,天津
864,600225,天津松江,天津
865,300026,红日药业,天津
866,000897,津滨发展,天津
867,002457,青龙管业,宁夏
868,000815,美利云,宁夏
869,000557,西部创业,宁夏
870,000962,东方钽业,宁夏
871,000595,宝塔实业,宁夏
872,000635,英 力 特,宁夏
873,600146,商赢环球,宁夏
874,601619,嘉泽新能,宁夏
875,600165,新日恒力,宁夏
876,600449,宁夏建材,宁夏
877,000862,银星能源,宁夏
878,000982,*ST 中绒,宁夏
879,600785,新华百货,宁夏
880,600985,雷鸣科化,安徽
881,300577,开润股份,安徽
882,603356,华菱精工,安徽
883,300452,山河药辅,安徽
884,300090,盛运环保,安徽
885,002571,德力股份,安徽
886,603199,九华旅游,安徽
887,603599,广信股份,安徽
888,603768,常青股份,安徽
889,600496,精工钢构,安徽
890,002171,楚江新材,安徽
891,002208,合肥城建,安徽
892,002347,泰尔股份,安徽
893,600502,安徽水利,安徽
894,603011,合锻智能,安徽
895,300247,乐金健康,安徽
896,000543,皖能电力,安徽
897,600552,凯盛科技,安徽
898,300088,长信科技,安徽
899,002057,中钢天源,安徽
900,002760,凤形股份,安徽
901,000728,国元证券,安徽
902,002331,皖通科技,安徽
903,002298,中电兴发,安徽
904,600375,华菱星马,安徽
905,600909,华安证券,安徽
906,000887,中鼎股份,安徽
907,002230,科大讯飞,安徽
908,600218,全柴动力,安徽
909,601918,新集能源,安徽
910,600318,新力金融,安徽
911,002140,东华科技,安徽
912,600983,惠而浦,安徽
913,000979,中弘股份,安徽
914,300087,荃银高科,安徽
915,603031,安德利,安徽
916,603589,口子窖,安徽
917,600444,国机通用,安徽
918,603198,迎驾贡酒,安徽
919,002541,鸿路钢构,安徽
920,600585,海螺水泥,安徽
921,000630,铜陵有色,安徽
922,300595,欧普康视,安徽
923,002042,华孚时尚,安徽
924,300692,中环环保,安徽
925,300218,安利股份,安徽
926,000596,古井贡酒,安徽
927,300274,阳光电源,安徽
928,600761,安徽合力,安徽
929,600054,黄山旅游,安徽
930,601606,长城军工,安徽
931,600577,精达股份,安徽
932,600063,皖维高新,安徽
933,002556,辉隆股份,安徽
934,600575,皖江物流,安徽
935,002817,黄山胶囊,安徽
936,603527,众源新材,安徽
937,002607,亚夏汽车,安徽
938,000980,众泰汽车,安徽
939,000521,长虹美菱,安徽
940,600012,皖通高速,安徽
941,000713,丰乐种业,安徽
942,600520,文一科技,安徽
943,002597,金禾实业,安徽
944,600808,马钢股份,安徽
945,002014,永新股份,安徽
946,000868,安凯客车,安徽
947,600470,六国化工,安徽
948,300520,科大国创,安徽
949,600971,恒源煤电,安徽
950,600567,山鹰纸业,安徽
951,002226,江南化工,安徽
952,600551,时代出版,安徽
953,603596,伯特利,安徽
954,002538,司尔特,安徽
955,603656,泰禾光电,安徽
956,002743,富煌钢构,安徽
957,000850,华茂股份,安徽
958,000619,海螺型材,安徽
959,600237,铜峰电子,安徽
960,000859,国风塑业,安徽
961,603689,皖天然气,安徽
962,000930,中粮生化,安徽
963,600990,四创电子,安徽
964,000417,合肥百货,安徽
965,002147,新光圆成,安徽
966,002690,美亚光电,安徽
967,002361,神剑股份,安徽
968,601801,皖新传媒,安徽
969,002018,*ST华信,安徽
970,002555,三七互娱,安徽
971,002557,洽洽食品,安徽
972,300388,国祯环保,安徽
973,300475,聚隆科技,安徽
974,300009,安科生物,安徽
975,603429,集友股份,安徽
976,603308,应流股份,安徽
977,600199,金种子酒,安徽
978,600255,梦舟股份,安徽
979,000153,丰原药业,安徽
980,603801,志邦家居,安徽
981,603357,设计总院,安徽
982,600418,江淮汽车,安徽
983,002136,安 纳 达,安徽
984,002476,宝莫股份,山东
985,300443,金雷风电,山东
986,603021,山东华鹏,山东
987,300654,世纪天鸿,山东
988,002810,山东赫达,山东
989,002537,海联金汇,山东
990,603223,恒通股份,山东
991,300099,精准信息,山东
992,002545,东方铁塔,山东
993,600219,南山铝业,山东
994,600547,山东黄金,山东
995,603029,天鹅股份,山东
996,600586,金晶科技,山东
997,603536,惠发股份,山东
998,600777,新潮能源,山东
999,600319,亚星化学,山东
1000,000680,山推股份,山东
1001,000639,西王食品,山东
1002,600017,日照港,山东
1003,000617,中油资本,山东
1004,002041,登海种业,山东
1005,002726,龙大肉食,山东
1006,000822,山东海化,山东
1007,000756,新华制药,山东
1008,601163,三角轮胎,山东
1009,600600,青岛啤酒,山东
1010,000409,*ST地矿,山东
1011,002589,瑞康医药,山东
1012,300110,华仁药业,山东
1013,603278,大业股份,山东
1014,002111,威海广泰,山东
1015,000915,山大华特,山东
1016,002379,宏创控股,山东
1017,002588,史丹利,山东
1018,000599,青岛双星,山东
1019,300237,美晨生态,山东
1020,300677,英科医疗,山东
1021,601366,利群股份,山东
1022,300479,神思电子,山东
1023,600309,万华化学,山东
1024,300699,光威复材,山东
1025,000880,潍柴重机,山东
1026,603798,康普顿,山东
1027,002086,东方海洋,山东
1028,300214,日科化学,山东
1029,600858,银座股份,山东
1030,002746,仙坛股份,山东
1031,002469,三维工程,山东
1032,002891,中宠股份,山东
1033,300391,康跃科技,山东
1034,600308,华泰股份,山东
1035,600529,山东药玻,山东
1036,002241,歌尔股份,山东
1037,002655,共达电声,山东
1038,300423,鲁亿通,山东
1039,300183,东软载波,山东
1040,601966,玲珑轮胎,山东
1041,002768,国恩股份,山东
1042,603577,汇金通,山东
1043,002339,积成电子,山东
1044,002890,弘宇股份,山东
1045,002234,民和股份,山东
1046,300308,中际旭创,山东
1047,000416,民生控股,山东
1048,300321,同大股份,山东
1049,300185,通裕重工,山东
1050,000957,中通客车,山东
1051,600587,新华医疗,山东
1052,600986,科达股份,山东
1053,000506,中润资源,山东
1054,603586,金麒麟,山东
1055,002078,太阳纸业,山东
1056,603708,家家悦,山东
1057,300233,金城医药,山东
1058,000720,*ST新能,山东
1059,002237,恒邦股份,山东
1060,300285,国瓷材料,山东
1061,000423,东阿阿胶,山东
1062,000830,鲁西化工,山东
1063,603367,辰欣药业,山东
1064,600180,瑞茂通,山东
1065,000554,泰山石油,山东
1066,600212,江泉实业,山东
1067,600336,澳柯玛,山东
1068,603167,渤海轮渡,山东
1069,002481,双塔食品,山东
1070,002254,泰和新材,山东
1071,002598,山东章鼓,山东
1072,300105,龙源技术,山东
1073,002838,道恩股份,山东
1074,600807,*ST天业,山东
1075,002083,孚日股份,山东
1076,002283,天润曲轴,山东
1077,603856,东宏股份,山东
1078,002374,丽鹏股份,山东
1079,601058,赛轮金宇,山东
1080,002490,山东墨龙,山东
1081,603086,先达股份,山东
1082,002498,汉缆股份,山东
1083,002485,希努尔,山东
1084,600727,鲁北化工,山东
1085,000407,胜利股份,山东
1086,002871,伟隆股份,山东
1087,300343,联创互联,山东
1088,600690,青岛海尔,山东
1089,002458,益生股份,山东
1090,002470,金正大,山东
1091,002363,隆基机械,山东
1092,002408,齐翔腾达,山东
1093,002330,得利斯,山东
1094,002073,软控股份,山东
1095,000726,鲁 泰Ａ,山东
1096,002242,九阳股份,山东
1097,300243,瑞丰高材,山东
1098,000488,晨鸣纸业,山东
1099,600022,山东钢铁,山东
1100,002355,兴民智通,山东
1101,002580,圣阳股份,山东
1102,600350,山东高速,山东
1103,002270,华明装备,山东
1104,603612,索通发展,山东
1105,000338,潍柴动力,山东
1106,002376,新北洋,山东
1107,600756,浪潮软件,山东
1108,600467,好当家,山东
1109,300121,阳谷华泰,山东
1110,000977,浪潮信息,山东
1111,600760,中航沈飞,山东
1112,300690,双一科技,山东
1113,600898,国美通讯,山东
1114,002671,龙泉股份,山东
1115,002581,未名医药,山东
1116,601678,滨化股份,山东
1117,002805,丰元股份,山东
1118,002117,东港股份,山东
1119,300175,朗源股份,山东
1120,002094,青岛金王,山东
1121,002899,英派斯,山东
1122,600784,鲁银投资,山东
1123,603639,海利尔,山东
1124,600579,天华院,山东
1125,000655,*ST金岭,山东
1126,600789,鲁抗医药,山东
1127,300653,正海生物,山东
1128,000951,中国重汽,山东
1129,002072,凯瑞德,山东
1130,002088,鲁阳节能,山东
1131,600448,华纺股份,山东
1132,002193,如意集团,山东
1133,600188,兖州煤业,山东
1134,600966,博汇纸业,山东
1135,002521,齐峰新材,山东
1136,002595,豪迈科技,山东
1137,600426,华鲁恒升,山东
1138,600060,海信电器,山东
1139,002526,山东矿机,山东
1140,002675,东诚药业,山东
1141,603638,艾迪精密,山东
1142,300224,正海磁材,山东
1143,603779,威龙股份,山东
1144,000677,恒天海龙,山东
1145,600735,新华锦,山东
1146,002286,保龄宝,山东
1147,600960,渤海汽车,山东
1148,600076,康欣新材,山东
1149,002026,山东威达,山东
1150,300569,天能重工,山东
1151,002604,*ST龙力,山东
1152,603113,金能科技,山东
1153,603026,石大胜华,山东
1154,300659,中孚信息,山东
1155,600027,华电国际,山东
1156,000682,东方电子,山东
1157,600783,鲁信创投,山东
1158,002643,万润股份,山东
1159,002382,蓝帆医疗,山东
1160,300001,特锐德,山东
1161,000811,冰轮环境,山东
1162,002107,沃华医药,山东
1163,600766,园城黄金,山东
1164,002248,华东数控,山东
1165,000869,张 裕Ａ,山东
1166,601019,山东出版,山东
1167,603858,步长制药,山东
1168,600385,山东金泰,山东
1169,002217,合力泰,山东
1170,600223,鲁商置业,山东
1171,000498,山东路桥,山东
1172,300208,恒顺众昇,山东
1173,600229,城市传媒,山东
1174,002353,杰瑞股份,山东
1175,603421,鼎信通讯,山东
1176,002921,联诚精密,山东
1177,300583,赛托生物,山东
1178,600691,阳煤化工,山西
1179,601699,潞安环能,山西
1180,002753,永东股份,山西
1181,002500,山西证券,山西
1182,000737,*ST南风,山西
1183,300254,仟源医药,山西
1184,000825,太钢不锈,山西
1185,600809,山西汾酒,山西
1186,601006,大秦铁路,山西
1187,600780,通宝能源,山西
1188,600281,太化股份,山西
1189,600351,亚宝药业,山西
1190,600546,山煤国际,山西
1191,600234,ST山水,山西
1192,000767,漳泽电力,山西
1193,002640,跨境通,山西
1194,300158,振东制药,山西
1195,002360,同德化工,山西
1196,600157,永泰能源,山西
1197,000795,英洛华,山西
1198,000755,*ST三维,山西
1199,000983,西山煤电,山西
1200,600169,太原重工,山西
1201,000673,当代东方,山西
1202,600495,晋西车轴,山西
1203,601001,大同煤业,山西
1204,000723,美锦能源,山西
1205,600123,兰花科创,山西
1206,300486,东杰智能,山西
1207,000831,五矿稀土,山西
1208,000403,ST生化,山西
1209,600408,*ST安泰,山西
1210,600617,国新能源,山西
1211,600740,山西焦化,山西
1212,600392,盛和资源,山西
1213,000968,蓝焰控股,山西
1214,600348,阳泉煤业,山西
1215,600539,*ST狮头,山西
1216,300147,香雪制药,广东
1217,300404,博济医药,广东
1218,002317,众生药业,广东
1219,603328,依顿电子,广东
1220,002461,珠江啤酒,广东
1221,603813,原尚股份,广东
1222,300691,联合光电,广东
1223,300057,万顺股份,广东
1224,000828,东莞控股,广东
1225,300711,广哈通信,广东
1226,002141,贤丰控股,广东
1227,603038,华立股份,广东
1228,002084,海鸥住工,广东
1229,002345,潮宏基,广东
1230,603002,宏昌电子,广东
1231,600894,广日股份,广东
1232,300328,宜安科技,广东
1233,601900,南方传媒,广东
1234,300589,江龙船艇,广东
1235,000637,茂化实华,广东
1236,002465,海格通信,广东
1237,300498,温氏股份,广东
1238,300149,量子生物,广东
1239,000861,海印股份,广东
1240,002906,华阳集团,广东
1241,600978,宜华生活,广东
1242,002832,比音勒芬,广东
1243,002295,精艺股份,广东
1244,000533,万 家 乐,广东
1245,000532,华金资本,广东
1246,300093,金刚玻璃,广东
1247,002862,实丰文化,广东
1248,300098,高新兴,广东
1249,002791,坚朗五金,广东
1250,002209,达 意 隆,广东
1251,002446,盛路通信,广东
1252,000987,越秀金控,广东
1253,600518,康美药业,广东
1254,600866,星湖科技,广东
1255,300681,英搏尔,广东
1256,002930,宏川智慧,广东
1257,601228,广州港,广东
1258,300219,鸿利智汇,广东
1259,002030,达安基因,广东
1260,300521,爱司凯,广东
1261,000782,美达股份,广东
1262,300403,地尔汉宇,广东
1263,300376,易事特,广东
1264,300417,南华仪器,广东
1265,002169,智光电气,广东
1266,000429,粤高速Ａ,广东
1267,002670,国盛金控,广东
1268,603608,天创时尚,广东
1269,600684,珠江实业,广东
1270,002855,捷荣技术,广东
1271,000573,粤宏远Ａ,广东
1272,002717,岭南股份,广东
1273,300591,万里马,广东
1274,002449,国星光电,广东
1275,300599,雄塑科技,广东
1276,000507,珠海港,广东
1277,300720,海川智能,广东
1278,600589,广东榕泰,广东
1279,002198,嘉应制药,广东
1280,002101,广东鸿图,广东
1281,300094,国联水产,广东
1282,300629,新劲刚,广东
1283,603898,好莱客,广东
1284,300716,国立科技,广东
1285,002187,广百股份,广东
1286,002884,凌霄泵业,广东
1287,002511,中顺洁柔,广东
1288,002579,中京电子,广东
1289,300561,汇金科技,广东
1290,600098,广州发展,广东
1291,300335,迪森股份,广东
1292,300221,银禧科技,广东
1293,600393,粤泰股份,广东
1294,000539,粤电力Ａ,广东
1295,000690,宝新能源,广东
1296,300635,达安股份,广东
1297,002544,杰赛科技,广东
1298,000531,穗恒运Ａ,广东
1299,600728,佳都科技,广东
1300,603936,博敏电子,广东
1301,002663,普邦股份,广东
1302,000534,万泽股份,广东
1303,603348,文灿股份,广东
1304,000541,佛山照明,广东
1305,002715,登云股份,广东
1306,002060,粤 水 电,广东
1307,002572,索菲亚,广东
1308,600382,广东明珠,广东
1309,002031,巨轮智能,广东
1310,600143,金发科技,广东
1311,300476,胜宏科技,广东
1312,002616,长青集团,广东
1313,600868,梅雁吉祥,广东
1314,300177,中海达,广东
1315,000529,广弘控股,广东
1316,002063,远光软件,广东
1317,300083,劲胜智能,广东
1318,002400,省广集团,广东
1319,300687,赛意信息,广东
1320,002503,搜于特,广东
1321,603797,联泰环保,广东
1322,002853,皮阿诺,广东
1323,600183,生益科技,广东
1324,600433,冠豪高新,广东
1325,300448,浩云科技,广东
1326,300176,鸿特科技,广东
1327,300410,正业科技,广东
1328,603336,宏辉果蔬,广东
1329,002846,英联股份,广东
1330,002908,德生科技,广东
1331,300737,科顺股份,广东
1332,002233,塔牌集团,广东
1333,300053,欧比特,广东
1334,002180,纳思达,广东
1335,300359,全通教育,广东
1336,002809,红墙股份,广东
1337,002212,南洋股份,广东
1338,002291,星期六,广东
1339,002776,柏堡龙,广东
1340,002017,东信和平,广东
1341,300310,宜通世纪,广东
1342,002922,伊戈尔,广东
1343,300464,星徽精密,广东
1344,002888,惠威科技,广东
1345,002836,新宏泽,广东
1346,002311,海大集团,广东
1347,000893,*ST东凌,广东
1348,000823,超声电子,广东
1349,300607,拓斯达,广东
1350,300424,航新科技,广东
1351,002902,铭普光磁,广东
1352,002745,木林森,广东
1353,002759,天际股份,广东
1354,002192,融捷股份,广东
1355,002584,西陇科学,广东
1356,300616,尚品宅配,广东
1357,603043,广州酒家,广东
1358,002638,勤上股份,广东
1359,300014,亿纬锂能,广东
1360,002600,领益智造,广东
1361,300409,道氏技术,广东
1362,300063,天龙集团,广东
1363,002732,燕塘乳业,广东
1364,600004,白云机场,广东
1365,002016,世荣兆业,广东
1366,002728,特一药业,广东
1367,002678,珠江钢琴,广东
1368,000651,格力电器,广东
1369,002005,德豪润达,广东
1370,002806,华锋股份,广东
1371,002705,新宝股份,广东
1372,002676,顺威股份,广东
1373,002575,群兴玩具,广东
1374,300620,光库科技,广东
1375,603535,嘉诚国际,广东
1376,000150,宜华健康,广东
1377,300143,星普医科,广东
1378,002684,猛狮科技,广东
1379,002723,金莱特,广东
1380,000659,珠海中富,广东
1381,002260,*ST德奥,广东
1382,002774,快意电梯,广东
1383,000523,广州浪奇,广东
1384,603861,白云电器,广东
1385,002441,众业达,广东
1386,600323,瀚蓝环境,广东
1387,600332,白云山,广东
1388,002833,弘亚数控,广东
1389,002909,集泰股份,广东
1390,300043,星辉娱乐,广东
1391,002611,东方精工,广东
1392,002792,通宇通讯,广东
1393,300460,惠伦晶体,广东
1394,300458,全志科技,广东
1395,300297,蓝盾股份,广东
1396,002842,翔鹭钨业,广东
1397,000502,绿景控股,广东
1398,000576,广东甘化,广东
1399,000524,岭南控股,广东
1400,002027,分众传媒,广东
1401,300562,乐心医疗,广东
1402,002543,万和电气,广东
1403,603233,大参林,广东
1404,002387,维信诺,广东
1405,603322,超讯通信,广东
1406,002918,蒙娜丽莎,广东
1407,603335,迪生力,广东
1408,002348,高乐股份,广东
1409,603920,世运电路,广东
1410,000100,TCL 集团,广东
1411,300606,金太阳,广东
1412,300586,美联新材,广东
1413,300408,三环集团,广东
1414,002919,名臣健康,广东
1415,000601,韶能股份,广东
1416,300503,昊志机电,广东
1417,601238,广汽集团,广东
1418,000973,佛塑科技,广东
1419,300050,世纪鼎利,广东
1420,603386,广东骏亚,广东
1421,601515,东风股份,广东
1422,000717,韶钢松山,广东
1423,603309,维力医疗,广东
1424,000333,美的集团,广东
1425,603630,拉芳家化,广东
1426,300738,奥飞数据,广东
1427,300173,智慧松德,广东
1428,002152,广电运通,广东
1429,002420,毅昌股份,广东
1430,300242,佳云科技,广东
1431,000921,海信科龙,广东
1432,002249,大洋电机,广东
1433,002492,恒基达鑫,广东
1434,600673,东阳光科,广东
1435,002741,光华科技,广东
1436,000776,广发证券,广东
1437,300723,一品红,广东
1438,000513,丽珠集团,广东
1439,002841,视源股份,广东
1440,600185,格力地产,广东
1441,603398,邦宝益智,广东
1442,300281,金明精机,广东
1443,002898,赛隆药业,广东
1444,300499,高澜股份,广东
1445,300482,万孚生物,广东
1446,002035,华帝股份,广东
1447,600872,中炬高新,广东
1448,002502,骅威文化,广东
1449,300529,健帆生物,广东
1450,002757,南兴装备,广东
1451,603288,海天味业,广东
1452,600325,华发股份,广东
1453,300155,安居宝,广东
1454,002177,御银股份,广东
1455,002512,达华智能,广东
1456,002495,佳隆股份,广东
1457,002911,佛燃股份,广东
1458,002054,德美化工,广东
1459,603268,松发股份,广东
1460,300322,硕贝德,广东
1461,002905,金逸影视,广东
1462,300089,文化长城,广东
1463,002923,润都股份,广东
1464,300273,和佳股份,广东
1465,600029,南方航空,广东
1466,300735,光弘科技,广东
1467,002762,金发拉比,广东
1468,300004,南风股份,广东
1469,002870,香山股份,广东
1470,002711,欧浦智网,广东
1471,600499,科达洁能,广东
1472,002431,棕榈股份,广东
1473,002920,德赛西威,广东
1474,300749,顶固集创,广东
1475,000685,中山公用,广东
1476,300526,中潜股份,广东
1477,000636,风华高科,广东
1478,300340,科恒股份,广东
1479,002319,乐通股份,广东
1480,300530,达志科技,广东
1481,300246,宝莱特,广东
1482,300238,冠昊生物,广东
1483,600685,中船防务,广东
1484,002288,超华科技,广东
1485,002292,奥飞娱乐,广东
1486,002076,雪 莱 特,广东
1487,603838,四通股份,广东
1488,300381,溢多利,广东
1489,002167,东方锆业,广东
1490,002308,威创股份,广东
1491,300639,凯普生物,广东
1492,002824,和胜股份,广东
1493,600048,保利地产,广东
1494,002656,摩登大道,广东
1495,002709,天赐材料,广东
1496,300619,金银河,广东
1497,300030,阳普医疗,广东
1498,300415,伊之密,广东
1499,300311,任子行,广东
1500,002666,德联集团,广东
1501,002668,奥马电器,广东
1502,002045,国光电器,广东
1503,000976,华铁股份,广东
1504,002240,威华股份,广东
1505,002181,粤 传 媒,广东
1506,300625,三雄极光,广东
1507,300146,汤臣倍健,广东
1508,603882,金域医学,广东
1509,603848,好太太,广东
1510,002672,东江环保,广东
1511,600428,中远海特,广东
1512,600242,中昌数据,广东
1513,603833,欧派家居,广东
1514,000712,锦龙股份,广东
1515,002683,宏大爆破,广东
1516,300438,鹏辉能源,广东
1517,002433,太安堂,广东
1518,002425,凯撒文化,广东
1519,603725,天安新材,广东
1520,600252,中恒集团,广西
1521,000750,国海证券,广西
1522,000703,恒逸石化,广西
1523,600301,ST南化,广西
1524,000806,银河生物,广西
1525,002166,莱茵生物,广西
1526,600423,*ST柳化,广西
1527,600249,两面针,广西
1528,600556,ST慧球,广西
1529,002592,八菱科技,广西
1530,000608,阳光股份,广西
1531,603368,柳药股份,广西
1532,300422,博世科,广西
1533,603166,福达股份,广西
1534,002329,皇氏集团,广西
1535,601003,柳钢股份,广西
1536,600368,五洲交通,广西
1537,600936,广西广电,广西
1538,000978,桂林旅游,广西
1539,600538,国发股份,广西
1540,601368,绿城水务,广西
1541,002929,润建通信,广西
1542,000833,粤桂股份,广西
1543,000528,柳 工,广西
1544,000911,南宁糖业,广西
1545,600712,南宁百货,广西
1546,002275,桂林三金,广西
1547,600236,桂冠电力,广西
1548,603869,新智认知,广西
1549,000716,黑芝麻,广西
1550,601996,丰林集团,广西
1551,600310,桂东电力,广西
1552,000662,天夏智慧,广西
1553,002696,百洋股份,广西
1554,002175,东方网络,广西
1555,000953,ST河化,广西
1556,000582,北部湾港,广西
1557,000972,*ST中基,新疆
1558,002719,麦趣尔,新疆
1559,600425,青松建化,新疆
1560,002205,国统股份,新疆
1561,603101,汇嘉时代,新疆
1562,600778,*ST友好,新疆
1563,002307,北新路桥,新疆
1564,600256,广汇能源,新疆
1565,600506,香梨股份,新疆
1566,300603,立昂技术,新疆
1567,002202,金风科技,新疆
1568,600888,新疆众和,新疆
1569,300159,新研股份,新疆
1570,600737,中粮糖业,新疆
1571,600084,中葡股份,新疆
1572,002828,贝肯能源,新疆
1573,600337,美克家居,新疆
1574,600075,新疆天业,新疆
1575,600540,新赛股份,新疆
1576,300313,天山生物,新疆
1577,600545,卓郎智能,新疆
1578,600419,天润乳业,新疆
1579,600145,*ST新亿,新疆
1580,000166,申万宏源,新疆
1581,300106,西部牧业,新疆
1582,600089,特变电工,新疆
1583,002207,ST准油,新疆
1584,600359,新农开发,新疆
1585,000633,合金投资,新疆
1586,300588,熙菱信息,新疆
1587,603706,东方环宇,新疆
1588,603032,德新交运,新疆
1589,000813,德展健康,新疆
1590,600581,八一钢铁,新疆
1591,603080,新疆火炬,新疆
1592,000877,天山股份,新疆
1593,603393,新天然气,新疆
1594,002524,光正集团,新疆
1595,000159,国际实业,新疆
1596,002700,新疆浩源,新疆
1597,600721,百花村,新疆
1598,002302,西部建设,新疆
1599,000415,渤海金控,新疆
1600,002092,中泰化学,新疆
1601,600509,天富能源,新疆
1602,603227,雪峰科技,新疆
1603,002100,天康生物,新疆
1604,600339,中油工程,新疆
1605,002800,天顺股份,新疆
1606,601069,西部黄金,新疆
1607,600197,伊力特,新疆
1608,600251,冠农股份,新疆
1609,600090,同济堂,新疆
1610,603358,华达科技,江苏
1611,300509,新美星,江苏
1612,002576,通达动力,江苏
1613,300495,美尚生态,江苏
1614,002516,旷达科技,江苏
1615,600584,长电科技,江苏
1616,300128,锦富技术,江苏
1617,002496,ST辉丰,江苏
1618,002044,美年健康,江苏
1619,002384,东山精密,江苏
1620,002090,金智科技,江苏
1621,300029,天龙光电,江苏
1622,002274,华昌化工,江苏
1623,300279,和晶科技,江苏
1624,002547,春兴精工,江苏
1625,600406,国电南瑞,江苏
1626,601360,三六零,江苏
1627,603655,朗博科技,江苏
1628,300304,云意电气,江苏
1629,002802,洪汇新材,江苏
1630,600128,弘业股份,江苏
1631,002333,罗普斯金,江苏
1632,603585,苏利股份,江苏
1633,600919,江苏银行,江苏
1634,002608,江苏国信,江苏
1635,002585,双星新材,江苏
1636,002453,华软科技,江苏
1637,603028,赛福天,江苏
1638,600200,江苏吴中,江苏
1639,600213,亚星客车,江苏
1640,300522,世名科技,江苏
1641,600513,联环药业,江苏
1642,603966,法兰泰克,江苏
1643,603059,倍加洁,江苏
1644,603507,振江股份,江苏
1645,002071,长城影视,江苏
1646,600487,亨通光电,江苏
1647,300141,和顺电气,江苏
1648,600105,永鼎股份,江苏
1649,002478,常宝股份,江苏
1650,603486,科沃斯,江苏
1651,601028,玉龙股份,江苏
1652,000910,大亚圣象,江苏
1653,600481,双良节能,江苏
1654,002156,通富微电,江苏
1655,600064,南京高科,江苏
1656,300707,威唐工业,江苏
1657,603828,柯利达,江苏
1658,002201,九鼎新材,江苏
1659,600901,江苏租赁,江苏
1660,000518,四环生物,江苏
1661,002645,华宏科技,江苏
1662,601952,苏垦农发,江苏
1663,002553,南方轴承,江苏
1664,600805,悦达投资,江苏
1665,300160,秀强股份,江苏
1666,600908,无锡银行,江苏
1667,000584,哈工智能,江苏
1668,300554,三超新材,江苏
1669,002349,精华制药,江苏
1670,300240,飞力达,江苏
1671,603017,中衡设计,江苏
1672,002483,润邦股份,江苏
1673,300618,寒锐钴业,江苏
1674,300196,长海股份,江苏
1675,300670,大烨智能,江苏
1676,603369,今世缘,江苏
1677,002077,大港股份,江苏
1678,002484,江海股份,江苏
1679,300354,东华测试,江苏
1680,603800,道森股份,江苏
1681,300429,强力新材,江苏
1682,300450,先导智能,江苏
1683,002024,苏宁易购,江苏
1684,000961,中南建设,江苏
1685,002807,江阴银行,江苏
1686,603283,赛腾股份,江苏
1687,600398,海澜之家,江苏
1688,601222,林洋能源,江苏
1689,601128,常熟银行,江苏
1690,300617,安靠智电,江苏
1691,002463,沪电股份,江苏
1692,600562,国睿科技,江苏
1693,603188,ST亚邦,江苏
1694,300466,赛摩电气,江苏
1695,000421,南京公用,江苏
1696,603988,中电电机,江苏
1697,002796,世嘉科技,江苏
1698,603036,如通股份,江苏
1699,603136,天目湖,江苏
1700,300265,通光线缆,江苏
1701,300694,蠡湖股份,江苏
1702,300292,吴通控股,江苏
1703,603313,梦百合,江苏
1704,600401,*ST海润,江苏
1705,002002,鸿达兴业,江苏
1706,000301,东方市场,江苏
1707,603810,丰山集团,江苏
1708,603878,武进不锈,江苏
1709,600074,*ST保千,江苏
1710,002211,宏达新材,江苏
1711,002411,必康股份,江苏
1712,002692,睿康股份,江苏
1713,601218,吉鑫科技,江苏
1714,603819,神力股份,江苏
1715,603389,亚振家居,江苏
1716,300337,银邦股份,江苏
1717,300420,五洋停车,江苏
1718,300320,海达股份,江苏
1719,002293,罗莱生活,江苏
1720,603041,美思德,江苏
1721,601155,新城控股,江苏
1722,300172,中电环保,江苏
1723,300715,凯伦股份,江苏
1724,601890,亚星锚链,江苏
1725,601799,星宇股份,江苏
1726,300135,宝利国际,江苏
1727,600305,恒顺醋业,江苏
1728,603007,花王股份,江苏
1729,002304,洋河股份,江苏
1730,603111,康尼机电,江苏
1731,002165,红 宝 丽,江苏
1732,000890,法 尔 胜,江苏
1733,002394,联发股份,江苏
1734,002391,长青股份,江苏
1735,300013,新宁物流,江苏
1736,300228,富瑞特装,江苏
1737,603922,金鸿顺,江苏
1738,002150,通润装备,江苏
1739,002223,鱼跃医疗,江苏
1740,300201,海伦哲,江苏
1741,002559,亚威股份,江苏
1742,002380,科远股份,江苏
1743,002455,百川股份,江苏
1744,002426,胜利精密,江苏
1745,002245,澳洋顺昌,江苏
1746,603776,永安行,江苏
1747,603035,常熟汽饰,江苏
1748,002747,埃斯顿,江苏
1749,601688,华泰证券,江苏
1750,600276,恒瑞医药,江苏
1751,300421,力星股份,江苏
1752,300610,晨化股份,江苏
1753,600287,江苏舜天,江苏
1754,600358,国旅联合,江苏
1755,603829,洛凯股份,江苏
1756,603161,科华控股,江苏
1757,603018,中设集团,江苏
1758,600854,春兰股份,江苏
1759,300725,药石科技,江苏
1760,600862,中航高科,江苏
1761,002531,天顺风能,江苏
1762,603958,哈森股份,江苏
1763,300325,德威新材,江苏
1764,300280,紫天科技,江苏
1765,600713,南京医药,江苏
1766,600889,南京化纤,江苏
1767,600667,太极实业,江苏
1768,002464,众应互联,江苏
1769,300709,精研科技,江苏
1770,300215,电科院,江苏
1771,603666,亿嘉和,江苏
1772,601009,南京银行,江苏
1773,601990,南京证券,江苏
1774,300152,科融环境,江苏
1775,603880,南卫股份,江苏
1776,002808,苏州恒久,江苏
1777,603203,快克股份,江苏
1778,603900,莱绅通灵,江苏
1779,300169,天晟新材,江苏
1780,600794,保税科技,江苏
1781,600370,三房巷,江苏
1782,300394,天孚通信,江苏
1783,600250,南纺股份,江苏
1784,603323,吴江银行,江苏
1785,002635,安洁科技,江苏
1786,603387,基蛋生物,江苏
1787,603179,新泉股份,江苏
1788,603299,井神股份,江苏
1789,002471,中超控股,江苏
1790,603259,药明康德,江苏
1791,000581,威孚高科,江苏
1792,300563,神宇股份,江苏
1793,603890,春秋电子,江苏
1794,603688,石英股份,江苏
1795,002883,中设股份,江苏
1796,002839,张家港行,江苏
1797,300295,三六五网,江苏
1798,603680,今创集团,江苏
1799,300393,中来股份,江苏
1800,300697,电工合金,江苏
1801,300708,聚灿光电,江苏
1802,600770,综艺股份,江苏
1803,603916,苏博特,江苏
1804,603355,莱克电气,江苏
1805,300192,科斯伍德,江苏
1806,603078,江化微,江苏
1807,600300,维维股份,江苏
1808,002631,德尔未来,江苏
1809,002081,金 螳 螂,江苏
1810,600122,宏图高科,江苏
1811,603968,醋化股份,江苏
1812,600099,林海股份,江苏
1813,300742,越博动力,江苏
1814,300598,诚迈科技,江苏
1815,300091,金通灵,江苏
1816,002239,奥特佳,江苏
1817,601010,文峰股份,江苏
1818,000777,中核科技,江苏
1819,002127,南极电商,江苏
1820,603626,科森科技,江苏
1821,300209,天泽信息,江苏
1822,002040,南 京 港,江苏
1823,300641,正丹股份,江苏
1824,300507,苏奥传感,江苏
1825,600522,中天科技,江苏
1826,002778,高科石化,江苏
1827,603326,我乐家居,江苏
1828,300537,广信材料,江苏
1829,300660,江苏雷利,江苏
1830,603016,新宏泰,江苏
1831,603722,阿科力,江苏
1832,002290,中科新材,江苏
1833,002315,焦点科技,江苏
1834,600527,江南高纤,江苏
1835,603990,麦迪科技,江苏
1836,603416,信捷电气,江苏
1837,603380,易德龙,江苏
1838,603519,立霸股份,江苏
1839,601388,怡球资源,江苏
1840,601555,东吴证券,江苏
1841,002564,天沃科技,江苏
1842,002540,亚太科技,江苏
1843,600377,宁沪高速,江苏
1844,603937,丽岛新材,江苏
1845,000626,远大控股,江苏
1846,002499,科林环保,江苏
1847,002610,爱康科技,江苏
1848,300644,南京聚隆,江苏
1849,002438,江苏神通,江苏
1850,300217,东方电热,江苏
1851,002091,江苏国泰,江苏
1852,603366,日出东方,江苏
1853,002450,康得新,江苏
1854,600220,江苏阳光,江苏
1855,300258,精锻科技,江苏
1856,000570,苏常柴Ａ,江苏
1857,600327,大东方,江苏
1858,002652,扬子新材,江苏
1859,600510,黑牡丹,江苏
1860,300402,宝色股份,江苏
1861,601599,鹿港文化,江苏
1862,000551,创元科技,江苏
1863,300031,宝通科技,江苏
1864,002680,ST长生,江苏
1865,000525,红 太 阳,江苏
1866,002079,苏州固锝,江苏
1867,000936,华西股份,江苏
1868,603359,东珠生态,江苏
1869,002659,凯文教育,江苏
1870,603876,鼎胜新材,江苏
1871,000681,视觉中国,江苏
1872,600486,扬农化工,江苏
1873,002491,通鼎互联,江苏
1874,603005,晶方科技,江苏
1875,603693,江苏新能,江苏
1876,300342,天银机电,江苏
1877,002530,金财互联,江苏
1878,000700,模塑科技,江苏
1879,600710,苏美达,江苏
1880,300600,瑞特股份,江苏
1881,300623,捷捷微电,江苏
1882,002550,千红制药,江苏
1883,603787,新日股份,江苏
1884,603528,多伦科技,江苏
1885,300339,润和软件,江苏
1886,002262,恩华药业,江苏
1887,600389,江山股份,江苏
1888,300631,久吾高科,江苏
1889,002514,宝馨科技,江苏
1890,300373,扬杰科技,江苏
1891,603013,亚普股份,江苏
1892,300260,新莱应材,江苏
1893,600959,江苏有线,江苏
1894,600981,汇鸿集团,江苏
1895,002435,长江润发,江苏
1896,603158,腾龙股份,江苏
1897,603183,建研院,江苏
1898,600268,国电南自,江苏
1899,600475,华光股份,江苏
1900,002255,海陆重工,江苏
1901,300385,雪浪环境,江苏
1902,600716,凤凰股份,江苏
1903,300549,优德精密,江苏
1904,603955,大千生态,江苏
1905,002172,澳洋健康,江苏
1906,002009,天奇股份,江苏
1907,603339,四方科技,江苏
1908,603269,海鸥股份,江苏
1909,300585,奥联电子,江苏
1910,002513,蓝丰生化,江苏
1911,600682,南京新百,江苏
1912,300305,裕兴股份,江苏
1913,300580,贝斯特,江苏
1914,603906,龙蟠科技,江苏
1915,300165,天瑞仪器,江苏
1916,603707,健友股份,江苏
1917,002722,金轮股份,江苏
1918,002685,华东重机,江苏
1919,002787,华源控股,江苏
1920,300416,苏试试验,江苏
1921,002367,康力电梯,江苏
1922,000816,*ST慧业,江苏
1923,601007,金陵饭店,江苏
1924,300447,全信股份,江苏
1925,300664,鹏鹞环保,江苏
1926,600970,中材国际,江苏
1927,002734,利民股份,江苏
1928,603066,音飞储存,江苏
1929,603660,苏州科达,江苏
1930,603488,展鹏科技,江苏
1931,300651,金陵体育,江苏
1932,601008,连云港,江苏
1933,600775,南京熊猫,江苏
1934,300190,维尔利,江苏
1935,300721,怡达股份,江苏
1936,300682,朗新科技,江苏
1937,600533,栖霞建设,江苏
1938,600973,宝胜股份,江苏
1939,000919,金陵药业,江苏
1940,600557,康缘药业,江苏
1941,601700,风范股份,江苏
1942,300655,晶瑞股份,江苏
1943,603286,日盈电子,江苏
1944,002221,东华能源,江苏
1945,002866,传艺科技,江苏
1946,000425,徐工机械,江苏
1947,603912,佳力图,江苏
1948,002323,*ST百特,江苏
1949,300584,海辰药业,江苏
1950,002877,智能自控,江苏
1951,600736,苏州高新,江苏
1952,603985,恒润股份,江苏
1953,002409,雅克科技,江苏
1954,300555,路通视信,江苏
1955,603699,纽威股份,江苏
1956,002080,中材科技,江苏
1957,603117,万林股份,江苏
1958,603929,亚翔集成,江苏
1959,002445,中南文化,江苏
1960,000035,中国天楹,江苏
1961,300356,光一科技,江苏
1962,300331,苏大维格,江苏
1963,002089,新 海 宜,江苏
1964,002395,双象股份,江苏
1965,600501,航天晨光,江苏
1966,300500,启迪设计,江苏
1967,002309,中利集团,江苏
1968,002708,光洋股份,江苏
1969,601928,凤凰传媒,江苏
1970,300575,中旗股份,江苏
1971,300261,雅本化学,江苏
1972,300284,苏交科,江苏
1973,000738,航发控制,江苏
1974,300680,隆盛科技,江苏
1975,603090,宏盛股份,江苏
1976,002015,霞客环保,江苏
1977,603042,华脉科技,江苏
1978,002623,亚玛顿,江苏
1979,603518,维格娜丝,江苏
1980,300390,天华超净,江苏
1981,002417,深南股份,江苏
1982,000418,小天鹅Ａ,江苏
1983,300346,南大光电,江苏
1984,002104,恒宝股份,江苏
1985,600083,博信股份,江苏
1986,600078,澄星股份,江苏
1987,000727,华东科技,江苏
1988,300211,亿通科技,江苏
1989,002182,云海金属,江苏
1990,600282,南钢股份,江苏
1991,603133,碳元科技,江苏
1992,002413,雷科防务,江苏
1993,603928,兴业股份,江苏
1994,002519,银河电子,江苏
1995,002160,常铝股份,江苏
1996,601199,江南水务,江苏
1997,002074,国轩高科,江苏
1998,600280,中央商场,江苏
1999,600400,红豆股份,江苏
2000,300528,幸福蓝海,江苏
2001,601100,恒立液压,江苏
2002,600746,江苏索普,江苏
2003,002075,沙钢股份,江苏
2004,002546,新联电子,江苏
2005,300382,斯莱克,江苏
2006,300717,华信新材,江苏
2007,601500,通用股份,江苏
2008,000829,天音控股,江西
2009,600750,江中药业,江西
2010,002748,世龙实业,江西
2011,300066,三川智慧,江西
2012,600228,ST昌九,江西
2013,000404,长虹华意,江西
2014,600362,江西铜业,江西
2015,002036,联创电子,江西
2016,300636,同和药业,江西
2017,300453,三鑫医疗,江西
2018,000990,诚志股份,江西
2019,600561,江西长运,江西
2020,002068,黑猫股份,江西
2021,600461,洪城水业,江西
2022,600373,中文传媒,江西
2023,000650,仁和药业,江西
2024,002591,恒大高新,江西
2025,603977,国泰集团,江西
2026,300095,华伍股份,江西
2027,002176,江特电机,江西
2028,600071,凤凰光学,江西
2029,603773,沃格光电,江西
2030,300722,新余国科,江西
2031,600397,*ST安煤,江西
2032,600507,方大特钢,江西
2033,600053,九鼎投资,江西
2034,300294,博雅生物,江西
2035,600782,新钢股份,江西
2036,002695,煌上煌,江西
2037,600269,赣粤高速,江西
2038,002157,正邦科技,江西
2039,600363,联创光电,江西
2040,600590,泰豪科技,江西
2041,000789,万年青,江西
2042,000550,江铃汽车,江西
2043,002378,章源钨业,江西
2044,300497,富祥股份,江西
2045,300748,N金力,江西
2046,000899,赣能股份,江西
2047,600316,洪都航空,江西
2048,002460,赣锋锂业,江西
2049,600997,开滦股份,河北
2050,002146,荣盛发展,河北
2051,600149,ST坊展,河北
2052,600409,三友化工,河北
2053,603938,三孚股份,河北
2054,002342,巨力索具,河北
2055,000958,东方能源,河北
2056,002691,冀凯股份,河北
2057,002442,龙星化工,河北
2058,002282,博深工具,河北
2059,002049,紫光国微,河北
2060,600803,新奥股份,河北
2061,600135,乐凯胶片,河北
2062,000401,冀东水泥,河北
2063,300446,乐凯新材,河北
2064,600482,中国动力,河北
2065,000778,新兴铸管,河北
2066,300081,恒信东方,河北
2067,002494,华斯股份,河北
2068,600965,福成股份,河北
2069,000158,常山北明,河北
2070,000600,建投能源,河北
2071,300428,四通新材,河北
2072,000413,东旭光电,河北
2073,000687,华讯方舟,河北
2074,300107,建新股份,河北
2075,600722,金牛化工,河北
2076,601326,秦港股份,河北
2077,600550,保变电气,河北
2078,002603,以岭药业,河北
2079,000937,冀中能源,河北
2080,601633,长城汽车,河北
2081,603156,养元饮品,河北
2082,600480,凌云股份,河北
2083,300255,常山药业,河北
2084,300137,先河环保,河北
2085,000856,冀东装备,河北
2086,000923,河北宣工,河北
2087,603385,惠达卫浴,河北
2088,603050,科林电气,河北
2089,600812,华北制药,河北
2090,000889,茂业通信,河北
2091,601258,庞大集团,河北
2092,300368,汇金股份,河北
2093,601000,唐山港,河北
2094,600340,华夏幸福,河北
2095,002108,沧州明珠,河北
2096,600559,老白干酒,河北
2097,600230,沧州大化,河北
2098,300138,晨光生物,河北
2099,300371,汇中股份,河北
2100,600155,华创阳安,河北
2101,300491,通合科技,河北
2102,000709,河钢股份,河北
2103,002459,天业通联,河北
2104,000848,承德露露,河北
2105,300480,光力科技,河南
2106,603566,普莱柯,河南
2107,002448,中原内配,河南
2108,002936,郑州银行,河南
2109,600020,中原高速,河南
2110,002132,恒星科技,河南
2111,600810,神马股份,河南
2112,000400,许继电气,河南
2113,300248,新开普,河南
2114,002225,濮耐股份,河南
2115,300263,隆华科技,河南
2116,002179,中航光电,河南
2117,002857,三晖电气,河南
2118,000544,中原环保,河南
2119,002216,三全食品,河南
2120,600569,安阳钢铁,河南
2121,002477,雏鹰农牧,河南
2122,002406,远东传动,河南
2123,002087,新野纺织,河南
2124,600469,风神股份,河南
2125,001896,豫能控股,河南
2126,000676,智度股份,河南
2127,600222,太龙药业,河南
2128,002535,林州重机,河南
2129,300064,豫金刚石,河南
2130,002358,森源电气,河南
2131,002423,中原特钢,河南
2132,000895,双汇发展,河南
2133,000933,神火股份,河南
2134,300109,新开源,河南
2135,603658,安图生物,河南
2136,601038,一拖股份,河南
2137,002189,利达光电,河南
2138,002046,轴研科技,河南
2139,002321,华英农业,河南
2140,300080,易成新能,河南
2141,600753,东方银星,河南
2142,000612,焦作万方,河南
2143,300007,汉威科技,河南
2144,600172,黄河旋风,河南
2145,600531,豫光金铅,河南
2146,300732,设研院,河南
2147,002770,科迪乳业,河南
2148,600876,洛阳玻璃,河南
2149,600207,安彩高科,河南
2150,002560,通达股份,河南
2151,600312,平高电气,河南
2152,601666,平煤股份,河南
2153,600066,宇通客车,河南
2154,002536,西泵股份,河南
2155,002613,北玻股份,河南
2156,601375,中原证券,河南
2157,300437,清水源,河南
2158,603993,洛阳钼业,河南
2159,601717,郑煤机,河南
2160,002296,辉煌科技,河南
2161,600186,莲花健康,河南
2162,300701,森霸传感,河南
2163,300481,濮阳惠成,河南
2164,000719,中原传媒,河南
2165,600121,郑州煤电,河南
2166,000949,新乡化纤,河南
2167,000885,城发环境,河南
2168,603508,思维列控,河南
2169,600439,瑞贝卡,河南
2170,600403,大有能源,河南
2171,002601,龙蟒佰利,河南
2172,002007,华兰生物,河南
2173,002582,好想你,河南
2174,601608,中信重工,河南
2175,600595,中孚实业,河南
2176,300179,四方达,河南
2177,600285,羚锐制药,河南
2178,300259,新天科技,河南
2179,601677,明泰铝业,河南
2180,600069,银鸽投资,河南
2181,002714,牧原股份,河南
2182,002407,多氟多,河南
2183,600781,辅仁药业,河南
2184,300553,集智股份,浙江
2185,600776,东方通信,浙江
2186,002686,亿利达,浙江
2187,002164,宁波东力,浙江
2188,603116,红蜻蜓,浙江
2189,603889,新澳股份,浙江
2190,002188,*ST巴士,浙江
2191,300519,新光药业,浙江
2192,300113,顺网科技,浙江
2193,002937,兴瑞科技,浙江
2194,603300,华铁科技,浙江
2195,002326,永太科技,浙江
2196,300306,远方信息,浙江
2197,002515,金字火腿,浙江
2198,300604,长川科技,浙江
2199,601339,百隆东方,浙江
2200,002032,苏 泊 尔,浙江
2201,002389,南洋科技,浙江
2202,002767,先锋电子,浙江
2203,002915,中欣氟材,浙江
2204,002779,中坚科技,浙江
2205,002099,海翔药业,浙江
2206,002860,星帅尔,浙江
2207,600580,卧龙电气,浙江
2208,002617,露笑科技,浙江
2209,600537,亿晶光电,浙江
2210,300032,金龙机电,浙江
2211,600261,阳光照明,浙江
2212,002012,凯恩股份,浙江
2213,600290,华仪电气,浙江
2214,603337,杰克股份,浙江
2215,600023,浙能电力,浙江
2216,603225,新凤鸣,浙江
2217,601882,海天精工,浙江
2218,002011,盾安环境,浙江
2219,601789,宁波建工,浙江
2220,600330,天通股份,浙江
2221,600267,海正药业,浙江
2222,300181,佐力药业,浙江
2223,300111,向日葵,浙江
2224,002840,华统股份,浙江
2225,600671,天目药业,浙江
2226,000967,盈峰环境,浙江
2227,002532,新界泵业,浙江
2228,002602,世纪华通,浙江
2229,603388,元成股份,浙江
2230,603726,朗迪集团,浙江
2231,300441,鲍斯股份,浙江
2232,603665,康隆达,浙江
2233,002203,海亮股份,浙江
2234,002712,思美传媒,浙江
2235,603297,永新光学,浙江
2236,002280,联络互动,浙江
2237,002263,*ST东南,浙江
2238,603685,晨丰科技,浙江
2239,000963,华东医药,浙江
2240,600387,海越能源,浙江
2241,002562,兄弟科技,浙江
2242,600768,宁波富邦,浙江
2243,600512,腾达建设,浙江
2244,603617,君禾股份,浙江
2245,603239,浙江仙通,浙江
2246,600366,宁波韵升,浙江
2247,002322,理工环科,浙江
2248,300626,华瑞股份,浙江
2249,603105,芯能科技,浙江
2250,603677,奇精机械,浙江
2251,603703,盛洋科技,浙江
2252,300145,中金环境,浙江
2253,603277,银都股份,浙江
2254,002699,美盛文化,浙江
2255,603338,浙江鼎力,浙江
2256,600283,钱江水利,浙江
2257,300743,天地数码,浙江
2258,600152,维科技术,浙江
2259,002056,横店东磁,浙江
2260,603997,继峰股份,浙江
2261,300571,平治信息,浙江
2262,603606,东方电缆,浙江
2263,603657,春光科技,浙江
2264,300566,激智科技,浙江
2265,600130,波导股份,浙江
2266,600796,钱江生化,浙江
2267,603178,圣龙股份,浙江
2268,002021,中捷资源,浙江
2269,603806,福斯特,浙江
2270,601567,三星医疗,浙江
2271,002064,华峰氨纶,浙江
2272,300698,万马科技,浙江
2273,300163,先锋新材,浙江
2274,603045,福达合金,浙江
2275,603456,九洲药业,浙江
2276,002615,哈尔斯,浙江
2277,000909,数源科技,浙江
2278,300020,银江股份,浙江
2279,603088,宁波精达,浙江
2280,603165,荣晟环保,浙江
2281,002629,仁智股份,浙江
2282,002010,传化智联,浙江
2283,603661,恒林股份,浙江
2284,603996,中新科技,浙江
2285,603618,杭电股份,浙江
2286,300478,杭州高新,浙江
2287,002756,永兴特钢,浙江
2288,600724,宁波富达,浙江
2289,300069,金利华电,浙江
2290,603085,天成自控,浙江
2291,300587,天铁股份,浙江
2292,002473,*ST圣莱,浙江
2293,300100,双林股份,浙江
2294,600226,瀚叶股份,浙江
2295,603500,祥和实业,浙江
2296,601113,华鼎股份,浙江
2297,002793,东音股份,浙江
2298,002381,双箭股份,浙江
2299,603558,健盛集团,浙江
2300,000607,华媒控股,浙江
2301,601137,博威合金,浙江
2302,002266,浙富控股,浙江
2303,002103,广博股份,浙江
2304,002115,三维通信,浙江
2305,300411,金盾股份,浙江
2306,300133,华策影视,浙江
2307,002795,永和智控,浙江
2308,300266,兴源环境,浙江
2309,002488,金固股份,浙江
2310,002849,威星智能,浙江
2311,002418,康盛股份,浙江
2312,002427,*ST尤夫,浙江
2313,603583,N捷昌,浙江
2314,600352,浙江龙盛,浙江
2315,002120,韵达股份,浙江
2316,002859,洁美科技,浙江
2317,600798,宁波海运,浙江
2318,002479,富春环保,浙江
2319,300256,星星科技,浙江
2320,002244,滨江集团,浙江
2321,002112,三变科技,浙江
2322,300488,恒锋工具,浙江
2323,603877,太平鸟,浙江
2324,600926,杭州银行,浙江
2325,600987,航民股份,浙江
2326,603331,百达精工,浙江
2327,300649,杭州园林,浙江
2328,600683,京投发展,浙江
2329,603076,乐惠国际,浙江
2330,603316,诚邦股份,浙江
2331,300118,东方日升,浙江
2332,600704,物产中大,浙江
2333,601002,晋亿实业,浙江
2334,603789,星光农机,浙江
2335,600933,爱柯迪,浙江
2336,600273,嘉化能源,浙江
2337,002284,亚太股份,浙江
2338,300439,美康生物,浙江
2339,603557,起步股份,浙江
2340,300669,沪宁股份,浙江
2341,002370,亚太药业,浙江
2342,600232,金鹰股份,浙江
2343,300025,华星创业,浙江
2344,000705,浙江震元,浙江
2345,002124,天邦股份,浙江
2346,300666,江丰电子,浙江
2347,600120,浙江东方,浙江
2348,000411,英特集团,浙江
2349,601233,桐昆股份,浙江
2350,300307,慈星股份,浙江
2351,002634,棒杰股份,浙江
2352,002133,广宇集团,浙江
2353,000913,钱江摩托,浙江
2354,002493,荣盛石化,浙江
2355,300351,永贵电器,浙江
2356,300314,戴维医疗,浙江
2357,603607,京华激光,浙江
2358,300710,万隆光电,浙江
2359,002801,微光股份,浙江
2360,002632,道明光学,浙江
2361,603595,东尼电子,浙江
2362,600521,华海药业,浙江
2363,002119,康强电子,浙江
2364,002718,友邦吊顶,浙江
2365,300033,同花顺,浙江
2366,300611,美力科技,浙江
2367,600460,士兰微,浙江
2368,002508,老板电器,浙江
2369,300718,长盛轴承,浙江
2370,601018,宁波港,浙江
2371,002332,仙琚制药,浙江
2372,600176,中国巨石,浙江
2373,300426,唐德影视,浙江
2374,300270,中威电子,浙江
2375,603168,莎普爱思,浙江
2376,600763,通策医疗,浙江
2377,601689,拓普集团,浙江
2378,300539,横河模具,浙江
2379,300645,正元智慧,浙江
2380,600070,浙江富润,浙江
2381,002144,宏达高科,浙江
2382,603757,大元泵业,浙江
2383,002440,闰土股份,浙江
2384,600077,宋都股份,浙江
2385,002434,万里扬,浙江
2386,002375,亚厦股份,浙江
2387,603980,吉华集团,浙江
2388,300300,汉鼎宇佑,浙江
2389,600884,杉杉股份,浙江
2390,603320,迪贝电气,浙江
2391,603578,三星新材,浙江
2392,002624,完美世界,浙江
2393,603110,东方材料,浙江
2394,002641,永高股份,浙江
2395,002020,京新药业,浙江
2396,603506,南都物业,浙江
2397,002520,日发精机,浙江
2398,603001,奥康国际,浙江
2399,300283,温州宏丰,浙江
2400,002019,亿帆医药,浙江
2401,002574,明牌珠宝,浙江
2402,300144,宋城演艺,浙江
2403,000559,万向钱潮,浙江
2404,002273,水晶光电,浙江
2405,601116,三江购物,浙江
2406,603505,金石资源,浙江
2407,300435,中泰股份,浙江
2408,300357,我武生物,浙江
2409,600175,美都能源,浙江
2410,600051,宁波联合,浙江
2411,603208,江山欧派,浙江
2412,002404,嘉欣丝绸,浙江
2413,000517,荣安地产,浙江
2414,603556,海兴电力,浙江
2415,603305,旭升股份,浙江
2416,002931,锋龙股份,浙江
2417,603089,正裕工业,浙江
2418,002250,联化科技,浙江
2419,603816,顾家家居,浙江
2420,600790,轻纺城,浙江
2421,300702,天宇股份,浙江
2422,600571,信雅达,浙江
2423,600208,新湖中宝,浙江
2424,600797,浙大网新,浙江
2425,002050,三花智控,浙江
2426,603181,皇马科技,浙江
2427,000918,嘉凯城,浙江
2428,002372,伟星新材,浙江
2429,600814,杭州解百,浙江
2430,300244,迪安诊断,浙江
2431,600668,尖峰集团,浙江
2432,300459,金科文化,浙江
2433,603611,诺力股份,浙江
2434,603600,永艺股份,浙江
2435,002472,双环传动,浙江
2436,603238,诺邦股份,浙江
2437,600052,浙江广厦,浙江
2438,603321,梅轮电梯,浙江
2439,300558,贝达药业,浙江
2440,002131,利欧股份,浙江
2441,600477,杭萧钢构,浙江
2442,603081,大丰实业,浙江
2443,002444,巨星科技,浙江
2444,601108,财通证券,浙江
2445,603311,金海环境,浙江
2446,600526,菲达环保,浙江
2447,002489,浙江永强,浙江
2448,002569,步森股份,浙江
2449,002570,*ST因美,浙江
2450,000925,众合科技,浙江
2451,002648,卫星石化,浙江
2452,300234,开尔新材,浙江
2453,002048,宁波华翔,浙江
2454,603229,奥翔药业,浙江
2455,002637,赞宇科技,浙江
2456,600570,恒生电子,浙江
2457,600235,民丰特纸,浙江
2458,002343,慈文传媒,浙江
2459,603839,安正时尚,浙江
2460,002082,万邦德,浙江
2461,300451,创业软件,浙江
2462,002276,万马股份,浙江
2463,300076,GQY视讯,浙江
2464,603079,圣达生物,浙江
2465,002664,长鹰信质,浙江
2466,002586,围海股份,浙江
2467,002224,三 力 士,浙江
2468,002534,杭锅股份,浙江
2469,603811,诚意药业,浙江
2470,002403,爱仕达,浙江
2471,603733,仙鹤股份,浙江
2472,603298,杭叉集团,浙江
2473,002043,兔 宝 宝,浙江
2474,002725,跃岭股份,浙江
2475,300727,润禾材料,浙江
2476,600830,香溢融通,浙江
2477,603897,长城科技,浙江
2478,600857,宁波中百,浙江
2479,002236,大华股份,浙江
2480,603033,三维股份,浙江
2481,002647,仁东控股,浙江
2482,002415,海康威视,浙江
2483,603799,华友钴业,浙江
2484,600216,浙江医药,浙江
2485,300582,英飞特,浙江
2486,000906,浙商中拓,浙江
2487,603822,嘉澳环保,浙江
2488,600572,康恩贝,浙江
2489,002003,伟星股份,浙江
2490,002430,杭氧股份,浙江
2491,603901,永创智能,浙江
2492,600160,巨化股份,浙江
2493,002625,光启技术,浙江
2494,002142,宁波银行,浙江
2495,002364,中恒电气,浙江
2496,601878,浙商证券,浙江
2497,300729,乐歌股份,浙江
2498,603908,牧高笛,浙江
2499,002677,浙江美大,浙江
2500,600865,百大集团,浙江
2501,300673,佩蒂股份,浙江
2502,002443,金洲管道,浙江
2503,002552,*ST宝鼎,浙江
2504,603926,铁流股份,浙江
2505,603823,百合花,浙江
2506,600982,宁波热电,浙江
2507,002122,*ST天马,浙江
2508,603289,泰瑞机器,浙江
2509,300078,思创医惠,浙江
2510,300401,花园生物,浙江
2511,603103,横店影视,浙江
2512,000156,华数传媒,浙江
2513,300412,迦南科技,浙江
2514,603568,伟明环保,浙江
2515,603637,镇海股份,浙江
2516,300746,汉嘉设计,浙江
2517,002196,方正电机,浙江
2518,603667,五洲新春,浙江
2519,002758,华通医药,浙江
2520,002730,电光科技,浙江
2521,000739,普洛药业,浙江
2522,300257,开山股份,浙江
2523,603788,宁波高发,浙江
2524,603701,德宏股份,浙江
2525,002095,生 意 宝,浙江
2526,601177,杭齿前进,浙江
2527,603917,合力科技,浙江
2528,600113,浙江东日,浙江
2529,300461,田中精机,浙江
2530,603010,万盛股份,浙江
2531,002863,今飞凯达,浙江
2532,002703,浙江世宝,浙江
2533,600633,浙数文化,浙江
2534,300512,中亚股份,浙江
2535,002206,海 利 得,浙江
2536,603520,司太立,浙江
2537,300027,华谊兄弟,浙江
2538,603605,珀莱雅,浙江
2539,300250,初灵信息,浙江
2540,603602,纵横通信,浙江
2541,300360,炬华科技,浙江
2542,603258,电魂网络,浙江
2543,002344,海宁皮城,浙江
2544,002067,景兴纸业,浙江
2545,002563,森马服饰,浙江
2546,002062,宏润建设,浙江
2547,002619,艾格拉斯,浙江
2548,300329,海伦钢琴,浙江
2549,300703,创源文化,浙江
2550,603709,中源家居,浙江
2551,002468,申通快递,浙江
2552,603266,天龙股份,浙江
2553,601579,会稽山,浙江
2554,300068,南都电源,浙江
2555,002214,大立科技,浙江
2556,002687,乔治白,浙江
2557,600677,航天通信,浙江
2558,603055,台华新材,浙江
2559,300347,泰格医药,浙江
2560,002135,东南网架,浙江
2561,300637,扬帆新材,浙江
2562,600491,龙元建设,浙江
2563,300316,晶盛机电,浙江
2564,002173,创新医疗,浙江
2565,603040,新坐标,浙江
2566,603177,德创环保,浙江
2567,300652,雷迪克,浙江
2568,600576,祥源文化,浙江
2569,002897,意华股份,浙江
2570,002522,浙江众成,浙江
2571,603008,喜临门,浙江
2572,002126,银轮股份,浙江
2573,600699,均胜电子,浙江
2574,603015,弘讯科技,浙江
2575,002006,精功科技,浙江
2576,002896,中大力德,浙江
2577,300550,和仁科技,浙江
2578,300203,聚光科技,浙江
2579,600173,卧龙地产,浙江
2580,600059,古越龙山,浙江
2581,603218,日月股份,浙江
2582,002590,万安科技,浙江
2583,002633,申科股份,浙江
2584,603186,华正新材,浙江
2585,603260,合盛硅业,浙江
2586,603129,春风动力,浙江
2587,600114,东睦股份,浙江
2588,600177,雅戈尔,浙江
2589,300643,万通智控,浙江
2590,603303,得邦照明,浙江
2591,601877,正泰电器,浙江
2592,603767,中马传动,浙江
2593,002199,东晶电子,浙江
2594,002247,帝龙文化,浙江
2595,002034,旺能环境,浙江
2596,603711,香飘飘,浙江
2597,002001,新 和 成,浙江
2598,300695,兆丰股份,浙江
2599,002085,万丰奥威,浙江
2600,002318,久立特材,浙江
2601,002061,浙江交科,浙江
2602,600126,杭钢股份,浙江
2603,603538,美诺华,浙江
2604,002154,报 喜 鸟,浙江
2605,600596,新安股份,浙江
2606,600415,小商品城,浙江
2607,603896,寿仙谷,浙江
2608,603222,济民制药,浙江
2609,000558,莱茵体育,浙江
2610,300548,博创科技,浙江
2611,603301,振德医疗,浙江
2612,300349,金卡智能,浙江
2613,002320,海峡股份,海南
2614,600555,海航创新,海南
2615,601118,海南橡胶,海南
2616,000793,华闻传媒,海南
2617,000505,京粮控股,海南
2618,000657,中钨高新,海南
2619,000503,国新健康,海南
2620,300630,普利制药,海南
2621,000613,大东海A,海南
2622,600759,洲际油气,海南
2623,300086,康芝药业,海南
2624,600896,*ST海投,海南
2625,600221,海航控股,海南
2626,600238,*ST椰岛,海南
2627,000571,新大洲Ａ,海南
2628,000566,海南海药,海南
2629,002865,钧达股份,海南
2630,600515,海航基础,海南
2631,000886,海南高速,海南
2632,000572,海马汽车,海南
2633,601969,海南矿业,海南
2634,600209,*ST罗顿,海南
2635,002596,海南瑞泽,海南
2636,600259,广晟有色,海南
2637,603069,海汽集团,海南
2638,000567,海德股份,海南
2639,000585,*ST东电,海南
2640,300189,神农基因,海南
2641,000955,欣龙控股,海南
2642,000735,罗 牛 山,海南
2643,002693,双成药业,海南
2644,002285,世联行,深圳
2645,300047,天源迪科,深圳
2646,000021,深科技,深圳
2647,300232,洲明科技,深圳
2648,000096,广聚能源,深圳
2649,002830,名雕股份,深圳
2650,300545,联得装备,深圳
2651,002314,南山控股,深圳
2652,600380,健康元,深圳
2653,000068,华控赛格,深圳
2654,600892,大晟文化,深圳
2655,002885,京泉华,深圳
2656,002797,第一创业,深圳
2657,300241,瑞丰光电,深圳
2658,000023,深天地Ａ,深圳
2659,300739,明阳电路,深圳
2660,002869,金溢科技,深圳
2661,000043,中航善达,深圳
2662,002052,同洲电子,深圳
2663,002055,得润电子,深圳
2664,000999,华润三九,深圳
2665,300301,长方集团,深圳
2666,300565,科信技术,深圳
2667,300197,铁汉生态,深圳
2668,300131,英唐智控,深圳
2669,300193,佳士科技,深圳
2670,300333,兆日科技,深圳
2671,300615,欣天科技,深圳
2672,601139,深圳燃气,深圳
2673,002724,海洋王,深圳
2674,002106,莱宝高科,深圳
2675,002121,科陆电子,深圳
2676,000039,中集集团,深圳
2677,002654,万润科技,深圳
2678,300052,中青宝,深圳
2679,300044,赛为智能,深圳
2680,300689,澄天伟业,深圳
2681,000089,深圳机场,深圳
2682,300556,丝路视觉,深圳
2683,300538,同益股份,深圳
2684,000063,中兴通讯,深圳
2685,002916,深南电路,深圳
2686,300042,朗科科技,深圳
2687,300457,赢合科技,深圳
2688,300713,英可瑞,深圳
2689,300676,华大基因,深圳
2690,300533,冰川网络,深圳
2691,603978,深圳新星,深圳
2692,002735,王子新材,深圳
2693,002609,捷顺科技,深圳
2694,002289,宇顺电子,深圳
2695,002587,奥拓电子,深圳
2696,000049,德赛电池,深圳
2697,000004,国农科技,深圳
2698,603228,景旺电子,深圳
2699,300348,长亮科技,深圳
2700,000060,中金岭南,深圳
2701,002889,东方嘉盛,深圳
2702,300136,信维通信,深圳
2703,300634,彩讯股份,深圳
2704,002789,建艺集团,深圳
2705,002548,金新农,深圳
2706,002482,广田集团,深圳
2707,300112,万讯自控,深圳
2708,603063,禾望电气,深圳
2709,300745,欣锐科技,深圳
2710,601333,广深铁路,深圳
2711,300227,光韵达,深圳
2712,002402,和而泰,深圳
2713,300115,长盈精密,深圳
2714,002399,海普瑞,深圳
2715,000034,神州数码,深圳
2716,000029,深深房Ａ,深圳
2717,300621,维业股份,深圳
2718,000019,深深宝Ａ,深圳
2719,300154,瑞凌股份,深圳
2720,000066,中国长城,深圳
2721,300622,博士眼镜,深圳
2722,002123,梦网集团,深圳
2723,000090,天健集团,深圳
2724,002763,汇洁股份,深圳
2725,002238,天威视讯,深圳
2726,002191,劲嘉股份,深圳
2727,002325,洪涛股份,深圳
2728,002369,卓翼科技,深圳
2729,300012,华测检测,深圳
2730,002301,齐心集团,深圳
2731,300647,超频三,深圳
2732,000016,深康佳Ａ,深圳
2733,002139,拓邦股份,深圳
2734,002210,飞马国际,深圳
2735,300568,星源材质,深圳
2736,002170,芭田股份,深圳
2737,002303,美盈森,深圳
2738,000078,海王生物,深圳
2739,000012,南 玻Ａ,深圳
2740,000056,皇庭国际,深圳
2741,002256,兆新股份,深圳
2742,002882,金龙羽,深圳
2743,002822,中装建设,深圳
2744,002327,富安娜,深圳
2745,002218,拓日新能,深圳
2746,000042,中洲控股,深圳
2747,000011,深物业A,深圳
2748,600383,金地集团,深圳
2749,001979,招商蛇口,深圳
2750,000070,特发信息,深圳
2751,300134,大富科技,深圳
2752,002183,怡 亚 通,深圳
2753,300178,腾邦国际,深圳
2754,300037,新宙邦,深圳
2755,002429,兆驰股份,深圳
2756,300264,佳创视讯,深圳
2757,002313,日海智能,深圳
2758,300317,珈伟股份,深圳
2759,300546,雄帝科技,深圳
2760,600999,招商证券,深圳
2761,002620,瑞和股份,深圳
2762,000038,深大通,深圳
2763,002137,麦达数字,深圳
2764,002867,周大生,深圳
2765,000022,深赤湾Ａ,深圳
2766,300130,新国都,深圳
2767,300518,盛讯达,深圳
2768,000007,全新好,深圳
2769,002618,丹邦科技,深圳
2770,002475,立讯精密,深圳
2771,000037,深南电A,深圳
2772,002518,科士达,深圳
2773,002740,爱迪尔,深圳
2774,002356,赫美集团,深圳
2775,002551,尚荣医疗,深圳
2776,603808,歌力思,深圳
2777,300350,华鹏飞,深圳
2778,002334,英威腾,深圳
2779,002161,远 望 谷,深圳
2780,300199,翰宇药业,深圳
2781,300693,盛弘股份,深圳
2782,000005,世纪星源,深圳
2783,300269,联建光电,深圳
2784,600030,中信证券,深圳
2785,300085,银之杰,深圳
2786,300167,迪威迅,深圳
2787,000009,中国宝安,深圳
2788,002316,亚联发展,深圳
2789,300576,容大感光,深圳
2790,002660,茂硕电源,深圳
2791,000055,方大集团,深圳
2792,000027,深圳能源,深圳
2793,300468,四方精创,深圳
2794,601318,中国平安,深圳
2795,002336,人人乐,深圳
2796,002213,特 尔 佳,深圳
2797,002876,三利谱,深圳
2798,600036,招商银行,深圳
2799,000025,特 力Ａ,深圳
2800,002163,中航三鑫,深圳
2801,300319,麦捷科技,深圳
2802,002352,顺丰控股,深圳
2803,300668,杰恩设计,深圳
2804,002938,鹏鼎控股,深圳
2805,002775,文科园林,深圳
2806,000018,神州长城,深圳
2807,000031,中粮地产,深圳
2808,002359,北讯集团,深圳
2809,002837,英维克,深圳
2810,300686,智动力,深圳
2811,300377,赢时胜,深圳
2812,000062,深圳华强,深圳
2813,002421,达实智能,深圳
2814,300760,迈瑞医疗,深圳
2815,002939,长城证券,深圳
2816,600462,九有股份,深圳
2817,000002,万 科Ａ,深圳
2818,000069,华侨城Ａ,深圳
2819,300484,蓝海华腾,深圳
2820,300532,今天国际,深圳
2821,000001,平安银行,深圳
2822,002227,奥 特 迅,深圳
2823,002215,诺 普 信,深圳
2824,002850,科达利,深圳
2825,603118,共进股份,深圳
2826,002912,中新赛克,深圳
2827,002881,美格智能,深圳
2828,002419,天虹股份,深圳
2829,002781,奇信股份,深圳
2830,600548,深高速,深圳
2831,300724,捷佳伟创,深圳
2832,002851,麦格米特,深圳
2833,002815,崇达技术,深圳
2834,000028,国药一致,深圳
2835,300252,金信诺,深圳
2836,603160,汇顶科技,深圳
2837,300389,艾比森,深圳
2838,000006,深振业Ａ,深圳
2839,601330,绿色动力,深圳
2840,300601,康泰生物,深圳
2841,300303,聚飞光电,深圳
2842,300162,雷曼股份,深圳
2843,002816,和科达,深圳
2844,000010,美丽生态,深圳
2845,300675,建科院,深圳
2846,300077,国民技术,深圳
2847,002341,新纶科技,深圳
2848,300207,欣旺达,深圳
2849,300454,深信服,深圳
2850,300277,海联讯,深圳
2851,300602,飞荣达,深圳
2852,002130,沃尔核材,深圳
2853,002138,顺络电子,深圳
2854,300531,优博讯,深圳
2855,002047,宝鹰股份,深圳
2856,000032,深桑达Ａ,深圳
2857,000026,飞亚达Ａ,深圳
2858,002786,银宝山新,深圳
2859,002456,欧菲科技,深圳
2860,002845,同兴达,深圳
2861,002835,同为股份,深圳
2862,002340,格林美,深圳
2863,002243,通产丽星,深圳
2864,000088,盐 田 港,深圳
2865,002594,比亚迪,深圳
2866,300400,劲拓股份,深圳
2867,002168,深圳惠程,深圳
2868,300206,理邦仪器,深圳
2869,300124,汇川技术,深圳
2870,000050,深天马Ａ,深圳
2871,600162,香江控股,深圳
2872,000099,中信海直,深圳
2873,000014,沙河股份,深圳
2874,000045,深纺织Ａ,深圳
2875,002886,沃特股份,深圳
2876,300671,富满电子,深圳
2877,300514,友讯达,深圳
2878,002782,可立克,深圳
2879,300731,科创新源,深圳
2880,002736,国信证券,深圳
2881,002733,雄韬股份,深圳
2882,002766,索菱股份,深圳
2883,600446,金证股份,深圳
2884,000017,深中华A,深圳
2885,002875,安奈儿,深圳
2886,300638,广和通,深圳
2887,002388,新亚制程,深圳
2888,000036,华联控股,深圳
2889,002583,海能达,深圳
2890,002197,证通电子,深圳
2891,002105,信隆健康,深圳
2892,002436,兴森科技,深圳
2893,002813,路畅科技,深圳
2894,300656,民德电子,深圳
2895,002351,漫步者,深圳
2896,002917,金奥博,深圳
2897,000048,*ST康达,深圳
2898,000040,东旭蓝天,深圳
2899,601138,工业富联,深圳
2900,002811,亚泰国际,深圳
2901,002751,易尚展示,深圳
2902,000061,农 产 品,深圳
2903,300543,朗科智能,深圳
2904,300570,太辰光,深圳
2905,002008,大族激光,深圳
2906,000058,深 赛 格,深圳
2907,002681,奋达科技,深圳
2908,002856,美芝股份,深圳
2909,002416,爱施德,深圳
2910,002880,卫光生物,深圳
2911,002823,凯中精密,深圳
2912,300151,昌红科技,深圳
2913,300633,开立医疗,深圳
2914,300506,名家汇,深圳
2915,002769,普路通,深圳
2916,002831,裕同科技,深圳
2917,000020,深华发Ａ,深圳
2918,300572,安车检测,深圳
2919,002528,英飞拓,深圳
2920,002294,信立泰,深圳
2921,000555,神州信息,深圳
2922,300679,电连技术,深圳
2923,002577,雷柏科技,深圳
2924,600525,长园集团,深圳
2925,300235,方直科技,深圳
2926,600998,九州通,湖北
2927,600976,健民集团,湖北
2928,000501,鄂武商Ａ,湖北
2929,600757,长江传媒,湖北
2930,600068,葛洲坝,湖北
2931,000926,福星股份,湖北
2932,600993,马应龙,湖北
2933,600885,宏发股份,湖北
2934,600745,闻泰科技,湖北
2935,002414,高德红外,湖北
2936,600141,兴发集团,湖北
2937,603067,振华股份,湖北
2938,600133,东湖高新,湖北
2939,300387,富邦股份,湖北
2940,000760,斯太尔,湖北
2941,000627,天茂集团,湖北
2942,600703,三安光电,湖北
2943,600260,凯乐科技,湖北
2944,300747,锐科激光,湖北
2945,000520,长航凤凰,湖北
2946,600568,中珠医疗,湖北
2947,002932,明德生物,湖北
2948,600006,东风汽车,湖北
2949,600079,人福医药,湖北
2950,000707,*ST双环,湖北
2951,603716,塞力斯,湖北
2952,000783,长江证券,湖北
2953,002159,三特索道,湖北
2954,300161,华中数控,湖北
2955,000759,中百集团,湖北
2956,002281,光迅科技,湖北
2957,000939,*ST凯迪,湖北
2958,300184,力源信息,湖北
2959,600086,东方金钰,湖北
2960,000678,襄阳轴承,湖北
2961,600801,华新水泥,湖北
2962,300517,海波重科,湖北
2963,600275,ST昌鱼,湖北
2964,300683,海特生物,湖北
2965,601869,长飞光纤,湖北
2966,300527,中国应急,湖北
2967,000852,石化机械,湖北
2968,601311,骆驼股份,湖北
2969,600345,长江通信,湖北
2970,600298,安琪酵母,湖北
2971,002013,中航机电,湖北
2972,300278,华昌达,湖北
2973,000952,广济药业,湖北
2974,002305,南国置业,湖北
2975,601162,天风证券,湖北
2976,000971,高升控股,湖北
2977,002194,*ST凡谷,湖北
2978,000553,沙隆达Ａ,湖北
2979,300205,天喻信息,湖北
2980,600184,光电股份,湖北
2981,000902,新洋丰,湖北
2982,600035,楚天高速,湖北
2983,600566,济川药业,湖北
2984,300041,回天新材,湖北
2985,300395,菲利华,湖北
2986,002694,顾地科技,湖北
2987,600769,祥龙电业,湖北
2988,300276,三丰智能,湖北
2989,300054,鼎龙股份,湖北
2990,600107,美尔雅,湖北
2991,300567,精测电子,湖北
2992,000670,盈方微,湖北
2993,300557,理工光科,湖北
2994,300323,华灿光电,湖北
2995,000966,长源电力,湖北
2996,000615,京汉股份,湖北
2997,000826,启迪桑德,湖北
2998,002377,国创高新,湖北
2999,300516,久之洋,湖北
3000,000883,湖北能源,湖北
3001,002627,宜昌交运,湖北
3002,002783,凯龙股份,湖北
3003,002365,永安药业,湖北
3004,600498,烽火通信,湖北
3005,600293,三峡新材,湖北
3006,300220,金运激光,湖北
3007,000988,华工科技,湖北
3008,600774,汉商集团,湖北
3009,000422,*ST宜化,湖北
3010,002861,瀛通通讯,湖北
3011,000821,京山轻机,湖北
3012,300536,农尚环境,湖北
3013,000665,湖北广电,湖北
3014,300494,盛天网络,湖北
3015,000708,大冶特钢,湖北
3016,600136,当代明诚,湖北
3017,000785,武汉中商,湖北
3018,600355,精伦电子,湖北
3019,600681,百川能源,湖北
3020,300018,中元股份,湖北
3021,600879,航天电子,湖北
3022,300046,台基股份,湖北
3023,600421,ST仰帆,湖北
3024,603738,泰晶科技,湖北
3025,600168,武汉控股,湖北
3026,603939,益丰药房,湖南
3027,002251,步 步 高,湖南
3028,600458,时代新材,湖南
3029,000722,湖南发展,湖南
3030,601577,长沙银行,湖南
3031,002261,拓维信息,湖南
3032,000519,中兵红箭,湖南
3033,002913,奥士康,湖南
3034,300433,蓝思科技,湖南
3035,002847,盐津铺子,湖南
3036,000998,隆平高科,湖南
3037,002716,金贵银业,湖南
3038,000989,九 芝 堂,湖南
3039,002452,长高集团,湖南
3040,000799,酒鬼酒,湖南
3041,300268,佳沃股份,湖南
3042,300515,三德科技,湖南
3043,000419,通程控股,湖南
3044,603959,百利科技,湖南
3045,600599,熊猫金控,湖南
3046,300216,千山药机,湖南
3047,300267,尔康制药,湖南
3048,300705,九典制药,湖南
3049,600744,华银电力,湖南
3050,600127,金健米业,湖南
3051,000917,电广传媒,湖南
3052,300665,飞鹿股份,湖南
3053,600479,千金药业,湖南
3054,000702,正虹科技,湖南
3055,002277,友阿股份,湖南
3056,300700,岱勒新材,湖南
3057,600478,科力远,湖南
3058,000430,张家界,湖南
3059,300035,中科电气,湖南
3060,600476,湘邮科技,湖南
3061,600961,株冶集团,湖南
3062,002155,湖南黄金,湖南
3063,300730,科创信息,湖南
3064,300474,景嘉微,湖南
3065,600698,湖南天雁,湖南
3066,000908,景峰医药,湖南
3067,601098,中南传媒,湖南
3068,603517,绝味食品,湖南
3069,300148,天舟文化,湖南
3070,600257,大湖股份,湖南
3071,603319,湘油泵,湖南
3072,000932,华菱钢铁,湖南
3073,600929,湖南盐业,湖南
3074,000157,中联重科,湖南
3075,600416,湘电股份,湖南
3076,002661,克明面业,湖南
3077,300338,开元股份,湖南
3078,300726,宏达电子,湖南
3079,002843,泰嘉股份,湖南
3080,002903,宇环数控,湖南
3081,300015,爱尔眼科,湖南
3082,002549,凯美特气,湖南
3083,002297,博云新材,湖南
3084,002848,高斯贝尔,湖南
3085,002397,梦洁股份,湖南
3086,000900,现代投资,湖南
3087,601901,方正证券,湖南
3088,300413,芒果超媒,湖南
3089,002852,道道全,湖南
3090,603989,艾华集团,湖南
3091,002125,湘潭电化,湖南
3092,300345,红宇新材,湖南
3093,300187,永清环保,湖南
3094,300123,亚光科技,湖南
3095,603998,方盛制药,湖南
3096,600731,湖南海利,湖南
3097,601636,旗滨集团,湖南
3098,002113,天润数娱,湖南
3099,300672,国科微,湖南
3100,300298,三诺生物,湖南
3101,002523,天桥起重,湖南
3102,000819,岳阳兴长,湖南
3103,000504,南华生物,湖南
3104,002505,大康农业,湖南
3105,002097,山河智能,湖南
3106,002412,汉森制药,湖南
3107,000590,启迪古汉,湖南
3108,300740,御家汇,湖南
3109,603721,中广天择,湖南
3110,600975,新五丰,湖南
3111,600156,华升股份,湖南
3112,300490,华自科技,湖南
3113,600969,郴电国际,湖南
3114,002879,长缆科技,湖南
3115,300592,华凯创意,湖南
3116,000428,华天酒店,湖南
3117,002892,科力尔,湖南
3118,300358,楚天科技,湖南
3119,002761,多喜爱,湖南
3120,603883,老百姓,湖南
3121,002096,南岭民爆,湖南
3122,000548,湖南投资,湖南
3123,002650,加加食品,湖南
3124,002567,唐人神,湖南
3125,002533,金杯电工,湖南
3126,600390,五矿资本,湖南
3127,000622,恒立实业,湖南
3128,600963,岳阳林纸,湖南
3129,000552,靖远煤电,甘肃
3130,002910,庄园牧场,甘肃
3131,600354,敦煌种业,甘肃
3132,600738,兰州民百,甘肃
3133,002644,佛慈制药,甘肃
3134,600307,酒钢宏兴,甘肃
3135,000995,*ST皇台,甘肃
3136,603919,金徽酒,甘肃
3137,601086,国芳集团,甘肃
3138,600108,亚盛集团,甘肃
3139,600720,祁连山,甘肃
3140,601798,*ST蓝科,甘肃
3141,002145,中核钛白,甘肃
3142,600516,方大炭素,甘肃
3143,000779,三毛派神,甘肃
3144,002185,华天科技,甘肃
3145,300534,陇神戎发,甘肃
3146,603999,读者传媒,甘肃
3147,002772,众兴菌业,甘肃
3148,600192,长城电工,甘肃
3149,000691,亚太实业,甘肃
3150,000981,银亿股份,甘肃
3151,000791,甘肃电投,甘肃
3152,600311,荣华实业,甘肃
3153,000672,上峰水泥,甘肃
3154,300021,大禹节水,甘肃
3155,000929,兰州黄河,甘肃
3156,002219,恒康医疗,甘肃
3157,601212,白银有色,甘肃
3158,600543,莫高股份,甘肃
3159,300084,海默科技,甘肃
3160,603169,兰石重装,甘肃
3161,600687,刚泰控股,甘肃
3162,002803,吉宏股份,福建
3163,002335,科华恒盛,福建
3164,002517,恺英网络,福建
3165,002529,海源复材,福建
3166,000993,闽东电力,福建
3167,601899,紫金矿业,福建
3168,300657,弘信电子,福建
3169,002396,星网锐捷,福建
3170,600153,建发股份,福建
3171,002222,福晶科技,福建
3172,601377,兴业证券,福建
3173,603345,安井食品,福建
3174,603383,顶点软件,福建
3175,600592,龙溪股份,福建
3176,300096,易联众,福建
3177,601166,兴业银行,福建
3178,600067,冠城大通,福建
3179,002901,大博医疗,福建
3180,300712,永福股份,福建
3181,601566,九牧王,福建
3182,600483,福能股份,福建
3183,600436,片仔癀,福建
3184,600815,厦工股份,福建
3185,603826,坤彩科技,福建
3186,600057,厦门象屿,福建
3187,002174,游族网络,福建
3188,600711,盛屯矿业,福建
3189,300436,广生堂,福建
3190,603879,永悦科技,福建
3191,000547,航天发展,福建
3192,600563,法拉电子,福建
3193,002102,冠福股份,福建
3194,300102,乾照光电,福建
3195,002578,闽发铝业,福建
3196,002626,金达威,福建
3197,000753,漳州发展,福建
3198,600549,厦门钨业,福建
3199,600203,福日电子,福建
3200,603444,吉比特,福建
3201,600573,惠泉啤酒,福建
3202,603909,合诚股份,福建
3203,300628,亿联网络,福建
3204,300062,中能电气,福建
3205,603737,三棵树,福建
3206,002098,浔兴股份,福建
3207,300051,三五互联,福建
3208,002110,三钢闽光,福建
3209,300685,艾德生物,福建
3210,002264,新 华 都,福建
3211,300640,德艺文创,福建
3212,002682,龙洲股份,福建
3213,300648,星云股份,福建
3214,300658,延江股份,福建
3215,600493,凤竹纺织,福建
3216,300525,博思软件,福建
3217,000732,泰禾集团,福建
3218,000797,中国武夷,福建
3219,600660,福耀玻璃,福建
3220,000905,厦门港务,福建
3221,000632,三木集团,福建
3222,600693,东百集团,福建
3223,300750,宁德时代,福建
3224,000592,平潭发展,福建
3225,603180,金牌厨柜,福建
3226,600033,福建高速,福建
3227,002702,海欣食品,福建
3228,000701,厦门信达,福建
3229,002925,盈趣科技,福建
3230,002679,福建金森,福建
3231,002752,昇兴股份,福建
3232,002790,瑞尔特,福建
3233,000526,紫光学大,福建
3234,002639,雪人股份,福建
3235,002228,合兴包装,福建
3236,002509,天广中茂,福建
3237,600897,厦门空港,福建
3238,002229,鸿博股份,福建
3239,002029,七 匹 狼,福建
3240,603686,龙马环卫,福建
3241,002299,圣农发展,福建
3242,600802,福建水泥,福建
3243,002614,奥佳华,福建
3244,603555,贵人鸟,福建
3245,300198,纳川股份,福建
3246,300132,青松股份,福建
3247,002785,万里石,福建
3248,002868,绿康生化,福建
3249,600755,厦门国贸,福建
3250,002788,鹭燕医药,福建
3251,600103,青山纸业,福建
3252,603615,茶花股份,福建
3253,603628,清源股份,福建
3254,300632,光莆股份,福建
3255,600734,实达集团,福建
3256,603933,睿能科技,福建
3257,300427,红相股份,福建
3258,300341,麦迪电气,福建
3259,300188,美亚柏科,福建
3260,601933,永辉超市,福建
3261,300174,元力股份,福建
3262,000997,新 大 陆,福建
3263,002093,国脉科技,福建
3264,000536,华映科技,福建
3265,002398,建研集团,福建
3266,002593,日上集团,福建
3267,300560,中富通,福建
3268,300605,恒锋信息,福建
3269,300706,阿石创,福建
3270,300650,太龙照明,福建
3271,002474,榕基软件,福建
3272,603817,海峡环保,福建
3273,603636,南威软件,福建
3274,603678,火炬电子,福建
3275,603696,安记食品,福建
3276,603663,三祥新材,福建
3277,600388,龙净环保,福建
3278,603363,傲农生物,福建
3279,002070,*ST众和,福建
3280,002674,兴业科技,福建
3281,600163,中闽能源,福建
3282,600870,*ST厦华,福建
3283,300056,三维丝,福建
3284,603306,华懋科技,福建
3285,000663,永安林业,福建
3286,002300,太阳电缆,福建
3287,002235,安妮股份,福建
3288,600686,金龙汽车,福建
3289,000671,阳 光 城,福建
3290,603668,天马科技,福建
3291,300299,富春股份,福建
3292,002729,好利来,福建
3293,603676,卫信康,西藏
3294,300624,万兴科技,西藏
3295,600326,西藏天路,西藏
3296,600749,*ST藏旅,西藏
3297,600873,梅花生物,西藏
3298,002653,海思科,西藏
3299,002827,高争民爆,西藏
3300,601020,华钰矿业,西藏
3301,603669,灵康药业,西藏
3302,600773,西藏城投,西藏
3303,000752,西藏发展,西藏
3304,300741,华宝股份,西藏
3305,002826,易明医药,西藏
3306,002287,奇正藏药,西藏
3307,000762,西藏矿业,西藏
3308,600211,西藏药业,西藏
3309,600338,西藏珠峰,西藏
3310,600594,益佰制药,贵州
3311,002928,华夏航空,贵州
3312,601997,贵阳银行,贵州
3313,000920,南方汇通,贵州
3314,600992,贵绳股份,贵州
3315,000589,黔轮胎Ａ,贵州
3316,002927,泰永长征,贵州
3317,600112,天成控股,贵州
3318,002873,新天药业,贵州
3319,600996,贵广网络,贵州
3320,300288,朗玛信息,贵州
3321,600765,中航重机,贵州
3322,002039,黔源电力,贵州
3323,002424,贵州百灵,贵州
3324,002037,久联发展,贵州
3325,603458,勘设股份,贵州
3326,600367,红星发展,贵州
3327,002390,信邦制药,贵州
3328,002025,航天电器,贵州
3329,000851,高鸿股份,贵州
3330,002895,川恒股份,贵州
3331,600523,贵航股份,贵州
3332,000733,振华科技,贵州
3333,600903,贵州燃气,贵州
3334,600227,圣济堂,贵州
3335,603058,永吉股份,贵州
3336,600519,贵州茅台,贵州
3337,600395,盘江股份,贵州
3338,000540,中天金融,贵州
3339,000751,锌业股份,辽宁
3340,300290,荣科科技,辽宁
3341,002667,鞍重股份,辽宁
3342,002069,獐子岛,辽宁
3343,603609,禾丰牧业,辽宁
3344,000698,沈阳化工,辽宁
3345,600317,营口港,辽宁
3346,600719,大连热电,辽宁
3347,600306,商业城,辽宁
3348,000715,中兴商业,辽宁
3349,000410,沈阳机床,辽宁
3350,000679,大连友谊,辽宁
3351,002231,奥维通信,辽宁
3352,603315,福鞍股份,辽宁
3353,002447,晨鑫科技,辽宁
3354,600346,恒力股份,辽宁
3355,000818,航锦科技,辽宁
3356,600297,广汇汽车,辽宁
3357,000820,神雾节能,辽宁
3358,300024,机器人,辽宁
3359,002204,大连重工,辽宁
3360,002731,萃华珠宝,辽宁
3361,600399,*ST抚钢,辽宁
3362,300573,兴齐眼药,辽宁
3363,603399,吉翔股份,辽宁
3364,600233,圆通速递,辽宁
3365,300202,聚龙股份,辽宁
3366,002606,大连电瓷,辽宁
3367,603866,桃李面包,辽宁
3368,603360,百傲化学,辽宁
3369,603318,派思股份,辽宁
3370,000530,大冷股份,辽宁
3371,600396,金山股份,辽宁
3372,600190,锦州港,辽宁
3373,000898,鞍钢股份,辽宁
3374,300405,科隆股份,辽宁
3375,600125,铁龙物流,辽宁
3376,600795,国电电力,辽宁
3377,600303,曙光股份,辽宁
3378,300210,森远股份,辽宁
3379,300125,易世达,辽宁
3380,600694,大商股份,辽宁
3381,000059,华锦股份,辽宁
3382,600747,ST大控,辽宁
3383,300097,智云股份,辽宁
3384,600739,辽宁成大,辽宁
3385,000761,本钢板材,辽宁
3386,000692,惠天热电,辽宁
3387,002220,天宝食品,辽宁
3388,000616,海航投资,辽宁
3389,300473,德尔股份,辽宁
3390,601999,出版传媒,辽宁
3391,600718,东软集团,辽宁
3392,000809,铁岭新城,辽宁
3393,300293,蓝英装备,辽宁
3394,300082,奥克股份,辽宁
3395,600593,大连圣亚,辽宁
3396,600167,联美控股,辽宁
3397,000638,万方发展,辽宁
3398,002621,三垒股份,辽宁
3399,002354,天神娱乐,辽宁
3400,600715,文投控股,辽宁
3401,000597,东北制药,辽宁
3402,603396,金辰股份,辽宁
3403,600758,红阳能源,辽宁
3404,601880,大连港,辽宁
3405,600231,凌钢股份,辽宁
3406,600241,时代万恒,辽宁
3407,002689,远大智能,辽宁
3408,600609,金杯汽车,辽宁
3409,000881,中广核技,辽宁
3410,002487,大金重工,辽宁
3411,600279,重庆港九,重庆
3412,600129,太极集团,重庆
3413,300122,智飞生物,重庆
3414,002872,天圣制药,重庆
3415,601127,小康股份,重庆
3416,000514,渝 开 发,重庆
3417,603766,隆鑫通用,重庆
3418,300363,博腾股份,重庆
3419,603717,天域生态,重庆
3420,002507,涪陵榨菜,重庆
3421,000565,渝三峡Ａ,重庆
3422,600877,ST嘉陵,重庆
3423,601005,重庆钢铁,重庆
3424,600452,涪陵电力,重庆
3425,002742,三圣股份,重庆
3426,603758,秦安股份,重庆
3427,600939,重庆建工,重庆
3428,600292,远达环保,重庆
3429,000591,太阳能,重庆
3430,300275,梅安森,重庆
3431,000788,北大医药,重庆
3432,600132,重庆啤酒,重庆
3433,002907,华森制药,重庆
3434,601158,重庆水务,重庆
3435,601777,力帆股份,重庆
3436,600847,万里股份,重庆
3437,000950,重药控股,重庆
3438,001696,宗申动力,重庆
3439,600917,重庆燃气,重庆
3440,002558,巨人网络,重庆
3441,600116,三峡水利,重庆
3442,603976,正川股份,重庆
3443,000892,欢瑞世纪,重庆
3444,002765,蓝黛传动,重庆
3445,000688,国城矿业,重庆
3446,601965,中国汽研,重庆
3447,600729,重庆百货,重庆
3448,603100,川仪股份,重庆
3449,603601,再升科技,重庆
3450,600565,迪马股份,重庆
3451,000625,长安汽车,重庆
3452,000736,中交地产,重庆
3453,600106,重庆路桥,重庆
3454,300194,福安药业,重庆
3455,600369,西南证券,重庆
3456,300006,莱美药业,重庆
3457,002004,华邦健康,重庆
3458,000656,金科股份,重庆
3459,000796,凯撒旅游,陕西
3460,600217,中再资环,陕西
3461,600343,航天动力,陕西
3462,600817,ST宏盛,陕西
3463,600248,延长化建,陕西
3464,601225,陕西煤业,陕西
3465,601179,中国西电,陕西
3466,600080,金花股份,陕西
3467,600379,宝光股份,陕西
3468,002864,盘龙药业,陕西
3469,600707,彩虹股份,陕西
3470,600984,建设机械,陕西
3471,300581,晨曦航空,陕西
3472,300116,坚瑞沃能,陕西
3473,600831,广电网络,陕西
3474,600302,标准股份,陕西
3475,600706,曲江文旅,陕西
3476,300487,蓝晓科技,陕西
3477,300103,达刚路机,陕西
3478,002109,兴化股份,陕西
3479,002799,环球印务,陕西
3480,300140,中环装备,陕西
3481,300164,通源石油,陕西
3482,601012,隆基股份,陕西
3483,002673,西部证券,陕西
3484,000721,西安饮食,陕西
3485,000812,陕西金叶,陕西
3486,600893,航发动力,陕西
3487,000610,西安旅游,陕西
3488,000697,炼石有色,陕西
3489,603139,康惠制药,陕西
3490,000516,国际医学,陕西
3491,000768,中航飞机,陕西
3492,002267,陕天然气,陕西
3493,600456,宝钛股份,陕西
3494,601015,陕西黑猫,陕西
3495,000837,秦川机床,陕西
3496,300114,中航电测,陕西
3497,601369,陕鼓动力,陕西
3498,000564,供销大集,陕西
3499,000563,陕国投Ａ,陕西
3500,000561,烽火电子,陕西
3501,601958,金钼股份,陕西
3502,300397,天和防务,陕西
3503,002149,西部材料,陕西
3504,600455,博通股份,陕西
3505,300023,宝德股份,陕西
3506,000606,顺利办,青海
3507,601168,西部矿业,青海
3508,600771,广誉远,青海
3509,600869,智慧能源,青海
3510,600714,金瑞矿业,青海
3511,000792,盐湖股份,青海
3512,603843,正平股份,青海
3513,000408,藏格控股,青海
3514,600243,青海华鼎,青海
3515,002646,青青稞酒,青海
3516,600381,青海春天,青海
3517,600117,西宁特钢,青海
3518,600038,中直股份,黑龙江
3519,000587,金洲慈航,黑龙江
3520,002737,葵花药业,黑龙江
3521,600356,恒丰纸业,黑龙江
3522,600705,中航资本,黑龙江
3523,603023,威帝股份,黑龙江
3524,300489,中飞股份,黑龙江
3525,600289,*ST信通,黑龙江
3526,600666,奥瑞德,黑龙江
3527,600891,秋林集团,黑龙江
3528,600664,哈药股份,黑龙江
3529,000985,大庆华科,黑龙江
3530,600853,龙建股份,黑龙江
3531,600095,哈高科,黑龙江
3532,600178,东安动力,黑龙江
3533,600202,*ST哈空,黑龙江
3534,002437,誉衡药业,黑龙江
3535,002698,博实股份,黑龙江
3536,600598,北大荒,黑龙江
3537,000711,京蓝科技,黑龙江
3538,601106,中国一重,黑龙江
3539,600864,哈投股份,黑龙江
3540,601188,龙江交通,黑龙江
3541,601011,宝泰隆,黑龙江
3542,002900,哈三联,黑龙江
3543,000901,航天科技,黑龙江
3544,600701,*ST工新,黑龙江
3545,600811,东方集团,黑龙江
3546,600829,人民同泰,黑龙江
3547,000922,*ST佳电,黑龙江
3548,603567,珍宝岛,黑龙江
3549,600726,华电能源,黑龙江
3550,600179,安通控股,黑龙江
3551,600182,S佳通,黑龙江
3552,600187,国中水务,黑龙江
3553,300040,九洲电气,黑龙江
3554,600371,万向德农,黑龙江
